country,regime,N,var_ygap,var_pic,var_i,var_bstar,w_output,w_pi_total,total
chile,float,12,0.0001201717021,3.073548611e-05,7.215547978e-05,0.02322642606,0.0001802575532,0.004759873649,0.004940131202
chile,managed,12,0.0001505907426,1.13518398e-05,6.216135843e-05,0.02348413898,0.0002258861139,0.002556114281,0.002782000395
chile,peg,12,0.006134220739,1.690443331e-05,0.0002327709326,0.02470922725,0.009201331109,0.00370187885,0.01290320996
korea,float,33,0.0001340878286,3.064941177e-05,7.688108522e-05,0.02384287797,0.0002011317429,0.008685660419,0.008886792162
korea,managed,33,0.0001919327576,1.136740528e-05,6.543712157e-05,0.02413388735,0.0002878991364,0.006284998313,0.00657289745
korea,peg,33,0.008093055813,1.467035938e-05,0.0002338080081,0.02571385923,0.01213958372,0.007233734747,0.01937331847
czechia,float,81,0.0001521249914,2.614484013e-05,7.787974462e-05,0.02701759612,0.0002281874871,0.005861487519,0.006089675006
czechia,managed,81,0.0001290422783,1.104738329e-05,7.436433628e-05,0.02760105561,0.0001935634175,0.004408653168,0.004602216585
czechia,peg,81,0.004676890601,1.649514828e-05,0.0002322257706,0.03031954298,0.007015335901,0.005191602101,0.012206938
