country,regime,N,shock_group,var_ygap,w_output,w_pi_total,total
korea,peg,33,all_shocks,0.007577753965,0.01136663095,0.001964392965,0.01333102391
korea,peg,33,tfp_all,6.890401282e-05,0.0001033560192,0.0006488326873,0.0007521887065
korea,peg,33,eps_pF,0.0008369780723,0.001255467108,0.00031292455,0.001568391659
korea,peg,33,eps_D,0.0001751389862,0.0002627084792,3.432105886e-05,0.0002970295381
korea,peg,33,eps_pX,0.0002192512596,0.0003288768894,5.131270583e-05,0.0003801895952
korea,peg,33,eps_rp,0.006240503243,0.009360754865,0.0009161265435,0.01027688141
korea,float,33,all_shocks,0.0001291895684,0.0001937843526,0.001101729727,0.00129551408
korea,float,33,tfp_all,5.381895238e-07,8.072842857e-07,0.0009267058297,0.000927513114
korea,float,33,eps_pF,3.345493187e-06,5.01823978e-06,4.52619065e-06,9.54443043e-06
korea,float,33,eps_D,1.31963393e-06,1.979450895e-06,1.299779621e-05,1.49772471e-05
korea,float,33,eps_pX,1.269516496e-06,1.904274744e-06,2.859618547e-05,3.050046021e-05
korea,float,33,eps_rp,0.0001213931769,0.0001820897654,0.0001113834395,0.000293473205
korea,managed,33,all_shocks,0.0001014062891,0.0001521094337,0.0007889134643,0.000941022898
korea,managed,33,tfp_all,1.07103119e-05,1.606546785e-05,0.0006766951008,0.0006927605686
korea,managed,33,eps_pF,4.5408194e-05,6.8112291e-05,4.469196833e-05,0.0001128042593
korea,managed,33,eps_D,1.19348687e-05,1.790230305e-05,1.453625284e-06,1.935592834e-05
korea,managed,33,eps_pX,1.59645363e-05,2.394680445e-05,2.031631434e-06,2.597843588e-05
korea,managed,33,eps_rp,1.569178626e-05,2.353767939e-05,6.213505111e-05,8.56727305e-05
czechia,float,81,all_shocks,0.000149367032,0.000224050548,0.00094473501,0.001168785558
czechia,float,81,tfp_all,4.084312862e-07,6.126469292e-07,0.000761938165,0.0007625508119
czechia,float,81,eps_pF,3.815657486e-06,5.72348623e-06,4.747191547e-06,1.047067778e-05
czechia,float,81,eps_D,1.5958175e-06,2.39372625e-06,1.463208423e-05,1.702581048e-05
czechia,float,81,eps_pX,1.534849825e-06,2.302274738e-06,3.222605507e-05,3.452832981e-05
czechia,float,81,eps_rp,0.0001387228863,0.0002080843294,0.0001218645461,0.0003299488755
czechia,managed,81,all_shocks,8.935372437e-05,0.0001340305866,0.0006841907253,0.0008182213119
czechia,managed,81,tfp_all,5.869442615e-06,8.804163923e-06,0.0005834235075,0.0005922276714
czechia,managed,81,eps_pF,4.38073613e-05,6.571104195e-05,4.942752775e-05,0.0001151385697
czechia,managed,81,eps_D,1.272088454e-05,1.90813268e-05,1.084040204e-06,2.016536701e-05
czechia,managed,81,eps_pX,1.68112213e-05,2.521683195e-05,1.507042268e-06,2.672387422e-05
czechia,managed,81,eps_rp,7.888350381e-06,1.183252557e-05,4.752212009e-05,5.935464566e-05
czechia,peg,81,all_shocks,0.004404276745,0.006606415117,0.001598310068,0.008204725185
czechia,peg,81,tfp_all,4.355954115e-05,6.533931172e-05,0.000565048294,0.0006303876057
czechia,peg,81,eps_pF,0.000607658504,0.000911487756,0.0002946144203,0.001206102176
czechia,peg,81,eps_D,0.0001393749661,0.0002090624492,3.070956559e-05,0.0002397720147
czechia,peg,81,eps_pX,0.00017319822,0.0002597973301,4.560874168e-05,0.0003054060717
czechia,peg,81,eps_rp,0.003405147839,0.005107721759,0.0006635932096,0.005771314968
chile,float,12,all_shocks,0.0001161395621,0.0001742093431,0.001418760639,0.001592969982
chile,float,12,tfp_all,1.726684112e-06,2.590026169e-06,0.001338722278,0.001341312304
chile,float,12,eps_pF,3.02622684e-06,4.53934026e-06,3.367972651e-06,7.907312911e-06
chile,float,12,eps_D,1.156377831e-06,1.734566747e-06,8.23210952e-06,9.966676267e-06
chile,float,12,eps_pX,1.090211653e-06,1.635317479e-06,1.903316612e-05,2.06684836e-05
chile,float,12,eps_rp,0.0001100583578,0.0001650875368,8.585916978e-05,0.0002509467065
chile,managed,12,all_shocks,9.637317585e-05,0.0001445597638,0.0007906463735,0.0009352061373
chile,managed,12,tfp_all,2.251677421e-05,3.377516131e-05,0.0006941393656,0.0007279145269
chile,managed,12,eps_pF,3.985338764e-05,5.978008146e-05,5.028797537e-05,0.0001100680568
chile,managed,12,eps_D,9.8984163e-06,1.484762445e-05,1.280978727e-06,1.612860318e-05
chile,managed,12,eps_pX,1.294717108e-05,1.942075662e-05,1.792648427e-06,2.121340504e-05
chile,managed,12,eps_rp,1.299696797e-05,1.949545195e-05,4.8494498e-05,6.798994995e-05
chile,peg,12,all_shocks,0.005829955444,0.008744933166,0.00208809182,0.01083302499
chile,peg,12,tfp_all,0.0001212675028,0.0001819012541,0.0006277442509,0.000809645505
chile,peg,12,eps_pF,0.0006133805275,0.0009200707913,0.0003147809721,0.001234851763
chile,peg,12,eps_D,0.0001235120785,0.0001852681177,3.49584648e-05,0.0002202265825
chile,peg,12,eps_pX,0.0001536307838,0.0002304461756,5.198751986e-05,0.0002824336955
chile,peg,12,eps_rp,0.004734045345,0.007101068017,0.001032949956,0.008134017973
