scen,rho,rp,L_s0,L_best,s_star,plateau_lo,plateau_hi,fx_value_pct,L_s03
net_0_rp_0,0.0,0.0,3.61662805,3.601578635,0.1,0.0,0.3,0.41611730020177246,3.62929165
net_0_rp_0.5,0.0,0.5,3.6632147280000003,3.624387795,0.2,0.05,0.3,1.0599141978553481,3.657533999
net_0_rp_1,0.0,1.0,3.802974761,3.6768009810000004,0.2,0.1,0.2,3.317765379195473,3.7422610460000003
net_0_rp_2,0.0,2.0,4.362014891,3.886453726,0.2,0.2,0.2,10.902327866445612,4.081169235
net_0.5_rp_0,0.5,0.0,4.582990593,4.504746859,0.3,0.1,0.5,1.7072636832270267,4.504746859
net_0.5_rp_0.5,0.5,0.5,4.63328217,4.527178798,0.2,0.1,0.3,2.2900261220222777,4.532245624
net_0.5_rp_1,0.5,1.0,4.784156899,4.579247302,0.2,0.2,0.3,4.283086891293871,4.614741919
net_0.5_rp_2,0.5,2.0,5.387655816,4.787521318,0.2,0.2,0.2,11.13906527246506,4.944727101
net_1_rp_0,1.0,0.0,6.4281067510000005,6.085876619,0.5,0.5,0.75,5.323964664195417,6.1481226069999995
net_1_rp_0.5,1.0,0.5,6.484410943,6.177146727999999,0.3,0.2,0.5,4.73850620666934,6.177146727999999
net_1_rp_1,1.0,1.0,6.653323517,6.264219091999999,0.3,0.2,0.3,5.848271529346109,6.264219091999999
net_1_rp_2,1.0,2.0,7.328973815,6.516667977999999,0.2,0.2,0.2,11.083486685918812,6.612508544000001
net_1.5_rp_0,1.5,0.0,10.10161605,8.861638103,1.0,0.75,1.0,12.275045308220756,9.361461257
net_1.5_rp_0.5,1.5,0.5,10.16862461,9.184673267,0.75,0.5,0.75,9.676346415938736,9.396576805
net_1.5_rp_1,1.5,1.0,10.369650290000001,9.501923448,0.3,0.3,0.5,8.367947015887278,9.501923448
net_1.5_rp_2,1.5,2.0,11.17375302,9.923310022999999,0.3,0.2,0.3,11.190895259290423,9.923310022999999
abl_unifdelta_r1,1.0,1.0,7.50676403,7.19537954,0.3,0.2,0.3,4.148052193402967,7.19537954
abl_unifof_r1,1.0,1.0,6.49944729,6.143241331,0.3,0.2,0.3,5.480557701391874,6.143241331
abl_zeroof_r1,1.0,1.0,5.724818892,5.518183017,0.2,0.1,0.2,3.6094744462354584,5.621136646
abl_flat_r1,1.0,1.0,7.366651171,7.059581728,0.3,0.2,0.3,4.168372247743012,7.059581728
abl_flat_norp_r1,1.0,0.0,7.253437723,6.882159512,0.75,0.5,1.0,5.118651668059547,7.006777777
abl_unifdelta_r0,0.0,1.0,4.0920947409999995,4.025321318,0.2,0.05,0.3,1.6317663012778203,4.064907198
abl_unifof_r0,0.0,1.0,3.783200757,3.6746375450000004,0.2,0.1,0.2,2.869612769005891,3.746603056
abl_zeroof_r0,0.0,1.0,3.5995081410000003,3.5364541929999995,0.1,0.05,0.1,1.7517378911242958,3.76560749
abl_flat_r0,0.0,1.0,4.071516619,4.001657187,0.2,0.05,0.3,1.7158085926506064,4.038846062999999
abl_flat_norp_r0,0.0,0.0,3.9630145299999997,3.954129371,0.1,0.0,0.3,0.22420202935767797,3.9696624089999997
abl_psi0.005_r1,1.0,1.0,6.7619137910000005,6.3793698249999995,0.2,0.2,0.3,5.657332788080807,6.3888098
abl_psi0.005_r0,0.0,1.0,3.915282145,3.779789023,0.2,0.1,0.2,3.4606221718409453,3.881611384
abl_psi0.1_r1,1.0,1.0,6.539503244,6.200323066,0.3,0.2,0.3,5.186635212868769,6.200323066
abl_psi0.1_r0,0.0,1.0,3.692239408,3.611125971,0.2,0.1,0.2,2.19686288013315,3.650161631
