scen,rho,rp_scale,phi_pi,phi_y,phi_s,status,var_ygap,var_pic,var_pidc,var_i,var_s,var_bstar,w_output,w_pi,total,wdc1,wdc2,wdc3,lam1,lam2,lam3
place_base_r1_rp1,1.0000,1.0000,20.0000,1.0000,0.0000,0,0.0002281063251,1.058789483e-05,8.184849763e-07,4.545010996e-05,NaN,0.02329242427,0.0003421594876,0.0003231728641,0.0006653323517,0.000237,0.072030,0.927733,0.071729,0.381981,1.108407
place_base_r1_rp1,1.0000,1.0000,20.0000,1.0000,0.0500,0,0.0002178349455,1.02869846e-05,8.39159582e-07,4.585473962e-05,0.004343749571,0.02330340582,0.0003267524183,0.0003251484847,0.0006519009029,0.000237,0.072030,0.927733,0.071729,0.381981,1.108407
place_base_r1_rp1,1.0000,1.0000,20.0000,1.0000,0.1000,0,0.0002088472321,1.000091569e-05,8.666839233e-07,4.627758292e-05,0.002841357823,0.02331422388,0.0003132708482,0.0003281880828,0.000641458931,0.000237,0.072030,0.927733,0.071729,0.381981,1.108407
place_base_r1_rp1,1.0000,1.0000,20.0000,1.0000,0.2000,0,0.0001945786167,9.470669239e-06,9.393913918e-07,4.717366026e-05,0.002038651721,0.02333534731,0.000291867925,0.0003370293016,0.0006288972266,0.000237,0.072030,0.927733,0.071729,0.381981,1.108407
place_base_r1_rp1,1.0000,1.0000,20.0000,1.0000,0.3000,0,0.0001849929482,8.992149634e-06,1.031481855e-06,4.813011402e-05,0.001729361487,0.02335576414,0.0002774894223,0.0003489324869,0.0006264219092,0.000237,0.072030,0.927733,0.071729,0.381981,1.108407
place_base_r1_rp1,1.0000,1.0000,20.0000,1.0000,0.4000,0,0.0001797636231,8.560762904e-06,1.138755041e-06,4.91392507e-05,0.001546730764,0.023375462,0.0002696454346,0.0003632688941,0.0006329143288,0.000237,0.072030,0.927733,0.071729,0.381981,1.108407
place_base_r1_rp1,1.0000,1.0000,20.0000,1.0000,0.5000,0,0.0001785580607,8.172312192e-06,1.25777744e-06,5.019398981e-05,0.001417112546,0.02339444155,0.0002678370911,0.0003795220119,0.000647359103,0.000237,0.072030,0.927733,0.071729,0.381981,1.108407
place_base_r1_rp1,1.0000,1.0000,20.0000,1.0000,0.7500,0,0.0001910126586,7.364792188e-06,1.589602853e-06,5.298956747e-05,0.001194571845,0.0234388282,0.0002865189879,0.0004259429688,0.0007124619567,0.000237,0.072030,0.927733,0.071729,0.381981,1.108407
place_base_r1_rp1,1.0000,1.0000,20.0000,1.0000,1.0000,0,0.0002217840048,6.751880568e-06,1.947365931e-06,5.594713403e-05,0.001040187163,0.0234790966,0.0003326760073,0.0004771021091,0.0008097781163,0.000237,0.072030,0.927733,0.071729,0.381981,1.108407
place_base_r1_rp1,1.0000,1.0000,20.0000,1.0000,1.5000,0,0.0003223791603,5.95895112e-06,2.673696877e-06,6.210842926e-05,0.0008243141744,0.02354884448,0.0004835687405,0.0005831250231,0.001066693764,0.000237,0.072030,0.927733,0.071729,0.381981,1.108407
place_base_r1_rp1,1.0000,1.0000,20.0000,1.0000,2.0000,0,0.0004553139176,5.566299837e-06,3.36293587e-06,6.833767022e-05,0.0006752928217,0.02360675239,0.0006829708764,0.0006856396346,0.001368610511,0.000237,0.072030,0.927733,0.071729,0.381981,1.108407
place_base_r1_rp0,1.0000,0.0000,20.0000,1.0000,0.0000,0,0.0002196653415,2.680906556e-06,7.967598767e-07,1.133345701e-05,NaN,0.002283735999,0.0003294980123,0.0003133126628,0.0006428106751,0.000237,0.072030,0.927733,0.071729,0.381981,1.108407
place_base_r1_rp0,1.0000,0.0000,20.0000,1.0000,0.0500,0,0.0002128851658,2.655974175e-06,8.240553157e-07,1.130862082e-05,0.003352888705,0.002283831931,0.0003193277487,0.0003169102715,0.0006362380202,0.000237,0.072030,0.927733,0.071729,0.381981,1.108407
place_base_r1_rp0,1.0000,0.0000,20.0000,1.0000,0.1000,0,0.0002064292617,2.634378972e-06,8.537053798e-07,1.12804345e-05,0.001887955651,0.002283911339,0.0003096438926,0.0003208581418,0.0006305020344,0.000237,0.072030,0.927733,0.071729,0.381981,1.108407
place_base_r1_rp0,1.0000,0.0000,20.0000,1.0000,0.2000,0,0.0001944816907,2.60017828e-06,9.185564575e-07,1.121431691e-05,0.001133443875,0.002284017602,0.000291722536,0.0003295848336,0.0006213073696,0.000237,0.072030,0.927733,0.071729,0.381981,1.108407
place_base_r1_rp0,1.0000,0.0000,20.0000,1.0000,0.3000,0,0.0001837908326,2.576499544e-06,9.887862363e-07,1.113594214e-05,0.0008649567642,0.002284053611,0.000275686249,0.0003391260118,0.0006148122607,0.000237,0.072030,0.927733,0.071729,0.381981,1.108407
place_base_r1_rp0,1.0000,0.0000,20.0000,1.0000,0.4000,0,0.0001743074526,2.561856096e-06,1.062513588e-06,1.104638672e-05,0.0007199242704,0.002284023149,0.0002614611789,0.0003492090529,0.0006106702318,0.000237,0.072030,0.927733,0.071729,0.381981,1.108407
place_base_r1_rp0,1.0000,0.0000,20.0000,1.0000,0.5000,0,0.0001659715386,2.555008295e-06,1.138333121e-06,1.094683618e-05,0.000625541314,0.00228393238,0.0002489573079,0.000359630354,0.0006085876619,0.000237,0.072030,0.927733,0.071729,0.381981,1.108407
place_base_r1_rp0,1.0000,0.0000,20.0000,1.0000,0.7500,0,0.0001497122103,2.565518971e-06,1.330769622e-06,1.066211104e-05,0.0004824901231,0.002283488143,0.0002245683155,0.0003862543783,0.0006108226937,0.000237,0.072030,0.927733,0.071729,0.381981,1.108407
place_base_r1_rp0,1.0000,0.0000,20.0000,1.0000,1.0000,0,0.0001391398087,2.606066235e-06,1.520027886e-06,1.034008397e-05,0.0003970060435,0.002282816964,0.0002087097131,0.0004126279613,0.0006213376744,0.000237,0.072030,0.927733,0.071729,0.381981,1.108407
place_base_r1_rp0,1.0000,0.0000,20.0000,1.0000,1.5000,0,0.0001311347965,2.744972074e-06,1.872315813e-06,9.639868377e-06,0.0002932658918,0.002281110662,0.0001967021947,0.0004621357148,0.0006588379095,0.000237,0.072030,0.927733,0.071729,0.381981,1.108407
place_base_r1_rp0,1.0000,0.0000,20.0000,1.0000,2.0000,0,0.0001354085479,2.927597553e-06,2.182417007e-06,8.927036058e-06,0.0002301665678,0.002279238407,0.0002031128218,0.0005061356323,0.0007092484542,0.000237,0.072030,0.927733,0.071729,0.381981,1.108407
place_base_r0_rp1,0.0000,1.0000,20.0000,1.0000,0.0000,0,9.495110293e-05,1.17257006e-05,3.743555789e-07,3.805979405e-05,NaN,0.02256960817,0.0001424266544,0.0002378708217,0.0003802974761,0.000105,0.060049,0.939845,0.028649,0.287541,1.013898
place_base_r0_rp1,0.0000,1.0000,20.0000,1.0000,0.0500,0,8.928726851e-05,1.132678602e-05,3.986557493e-07,3.847916507e-05,0.002909315086,0.02257558551,0.0001339309028,0.0002396518835,0.0003735827863,0.000105,0.060049,0.939845,0.028649,0.287541,1.013898
place_base_r0_rp1,0.0000,1.0000,20.0000,1.0000,0.1000,0,8.440103423e-05,1.094816246e-05,4.320941937e-07,3.891823817e-05,0.002189801757,0.02258150306,0.0001266015513,0.0002427362948,0.0003693378461,0.000105,0.060049,0.939845,0.028649,0.287541,1.013898
place_base_r0_rp1,0.0000,1.0000,20.0000,1.0000,0.2000,0,7.689905866e-05,1.024877584e-05,5.227791145e-07,3.985229057e-05,0.001772616678,0.0225931503,0.000115348588,0.0002523315101,0.0003676800981,0.000105,0.060049,0.939845,0.028649,0.287541,1.013898
place_base_r0_rp1,0.0000,1.0000,20.0000,1.0000,0.3000,0,7.229918425e-05,9.621592648e-06,6.398770675e-07,4.085512711e-05,0.001586618852,0.02260453437,0.0001084487764,0.0002657773282,0.0003742261046,0.000105,0.060049,0.939845,0.028649,0.287541,1.013898
place_base_r0_rp1,0.0000,1.0000,20.0000,1.0000,0.4000,0,7.043001909e-05,9.060870892e-06,7.778709647e-07,4.191960304e-05,0.001461890268,0.02261564239,0.0001056450286,0.0002823265828,0.0003879716114,0.000105,0.060049,0.939845,0.028649,0.287541,1.013898
place_base_r0_rp1,0.0000,1.0000,20.0000,1.0000,0.5000,0,7.110529166e-05,8.561154953e-06,9.321437641e-07,4.303861906e-05,0.001364220726,0.02262646444,0.0001066579375,0.0003013493939,0.0004080073314,0.000105,0.060049,0.939845,0.028649,0.287541,1.013898
place_base_r0_rp1,0.0000,1.0000,20.0000,1.0000,0.7500,0,8.2657722e-05,7.54598521e-06,1.365479077e-06,4.603095098e-05,0.001177188609,0.02265222987,0.000123986583,0.0003564765849,0.0004804631679,0.000105,0.060049,0.939845,0.028649,0.287541,1.013898
place_base_r0_rp1,0.0000,1.0000,20.0000,1.0000,1.0000,0,0.0001059488934,6.810445449e-06,1.834630482e-06,4.92278619e-05,0.001034482739,0.02267613606,0.00015892334,0.000417891987,0.000576815327,0.000105,0.060049,0.939845,0.028649,0.287541,1.013898
place_base_r0_rp1,0.0000,1.0000,20.0000,1.0000,1.5000,0,0.0001774412312,5.959370605e-06,2.785295473e-06,5.594831582e-05,0.0008223965741,0.02271860072,0.0002661618467,0.0005458177485,0.0008119795952,0.000105,0.060049,0.939845,0.028649,0.287541,1.013898
place_base_r0_rp1,0.0000,1.0000,20.0000,1.0000,2.0000,0,0.0002690304749,5.672331486e-06,3.679765631e-06,6.278148749e-05,0.0006710253809,0.02275468606,0.0004035457124,0.0006693293007,0.001072875013,0.000105,0.060049,0.939845,0.028649,0.287541,1.013898
place_base_r0_rp0,0.0000,0.0000,20.0000,1.0000,0.0000,0,8.703479349e-05,2.969417312e-06,3.548132244e-07,8.585498896e-06,NaN,0.002049317118,0.0001305521902,0.0002311106148,0.000361662805,0.000105,0.060049,0.939845,0.028649,0.287541,1.013898
place_base_r0_rp0,0.0000,0.0000,20.0000,1.0000,0.0500,0,8.416584966e-05,2.931192967e-06,3.850074867e-07,8.646120474e-06,0.001817080215,0.002049268558,0.0001262487745,0.000234382861,0.0003606316355,0.000105,0.060049,0.939845,0.028649,0.287541,1.013898
place_base_r0_rp0,0.0000,0.0000,20.0000,1.0000,0.1000,0,8.14135161e-05,2.896551492e-06,4.180914864e-07,8.699173403e-06,0.001145596267,0.002049214606,0.0001221202742,0.0002380375894,0.0003601578635,0.000105,0.060049,0.939845,0.028649,0.287541,1.013898
place_base_r0_rp0,0.0000,0.0000,20.0000,1.0000,0.2000,0,7.627899068e-05,2.837200187e-06,4.912033522e-07,8.784012835e-06,0.0007852883017,0.002049093021,0.000114418486,0.0002462731873,0.0003606916733,0.000105,0.060049,0.939845,0.028649,0.287541,1.013898
place_base_r0_rp0,0.0000,0.0000,20.0000,1.0000,0.3000,0,7.165795048e-05,2.789870143e-06,5.712157828e-07,8.842829836e-06,0.0006461247643,0.002048956152,0.0001074869257,0.0002554422393,0.000362929165,0.000105,0.060049,0.939845,0.028649,0.287541,1.013898
place_base_r0_rp0,0.0000,0.0000,20.0000,1.0000,0.4000,0,6.755921703e-05,2.75326154e-06,6.55883473e-07,8.878304135e-06,0.0005643540317,0.002048806515,0.0001013388255,0.0002652586258,0.0003665974513,0.000105,0.060049,0.939845,0.028649,0.287541,1.013898
place_base_r0_rp0,0.0000,0.0000,20.0000,1.0000,0.5000,0,6.39787163e-05,2.726232277e-06,7.434867356e-07,8.892956074e-06,0.0005069350342,0.002048645962,9.596807446e-05,0.0002755036848,0.0003714717593,0.000105,0.060049,0.939845,0.028649,0.287541,1.013898
place_base_r0_rp0,0.0000,0.0000,20.0000,1.0000,0.7500,0,5.719344633e-05,2.694205994e-06,9.674510924e-07,8.853443565e-06,0.0004107849062,0.002048206197,8.57901695e-05,0.0003019887539,0.0003877789234,0.000105,0.060049,0.939845,0.028649,0.287541,1.013898
place_base_r0_rp0,0.0000,0.0000,20.0000,1.0000,1.0000,0,5.321173208e-05,2.702993896e-06,1.189012133e-06,8.729737329e-06,0.0003468160599,0.002047726365,7.981759813e-05,0.0003285069877,0.0004083245858,0.000105,0.060049,0.939845,0.028649,0.287541,1.013898
place_base_r0_rp0,0.0000,0.0000,20.0000,1.0000,1.5000,0,5.198195036e-05,2.805610189e-06,1.602297068e-06,8.32447835e-06,0.0002622098469,0.002046706051,7.797292555e-05,0.0003786722886,0.0004566452141,0.000105,0.060049,0.939845,0.028649,0.287541,1.013898
place_base_r0_rp0,0.0000,0.0000,20.0000,1.0000,2.0000,0,5.716004537e-05,2.978967814e-06,1.96503666e-06,7.814924414e-06,0.0002074236381,0.002045675651,8.574006806e-05,0.0004234178111,0.0005091578792,0.000105,0.060049,0.939845,0.028649,0.287541,1.013898
place_bigres_r1_rp1,1.0000,1.0000,20.0000,1.0000,0.0000,0,0.0002088215981,1.216637841e-05,7.445020823e-07,3.843615829e-05,NaN,0.02200313273,0.0003132323972,0.0003093106252,0.0006225430224,0.000237,0.072030,0.927733,0.071729,0.381981,1.108407
place_bigres_r1_rp1,1.0000,1.0000,20.0000,1.0000,0.0500,0,0.0001986118612,1.182913612e-05,7.699697994e-07,3.881953449e-05,0.004209343328,0.02200211873,0.0002979177918,0.0003123028529,0.0006102206448,0.000237,0.072030,0.927733,0.071729,0.381981,1.108407
place_bigres_r1_rp1,1.0000,1.0000,20.0000,1.0000,0.1000,0,0.0001897379224,1.150816073e-05,8.027599523e-07,3.922141279e-05,0.002832610801,0.0220011279,0.0002846068836,0.0003164432303,0.0006010501139,0.000237,0.072030,0.927733,0.071729,0.381981,1.108407
place_bigres_r1_rp1,1.0000,1.0000,20.0000,1.0000,0.2000,0,0.0001758546452,1.091218936e-05,8.872509777e-07,4.00766959e-05,0.002089451482,0.02199922098,0.0002637819678,0.0003277115212,0.000591493489,0.000237,0.072030,0.927733,0.071729,0.381981,1.108407
place_bigres_r1_rp1,1.0000,1.0000,20.0000,1.0000,0.3000,0,0.0001668648419,1.037308822e-05,9.925418083e-07,4.099423361e-05,0.001797245732,0.02199741828,0.0002502972628,0.0003423009003,0.0005925981631,0.000237,0.072030,0.927733,0.071729,0.381981,1.108407
place_bigres_r1_rp1,1.0000,1.0000,20.0000,1.0000,0.4000,0,0.0001624394225,9.885908331e-06,1.114163491e-06,4.196666895e-05,0.001621225168,0.02199572113,0.0002436591338,0.0003595376974,0.0006031968312,0.000237,0.072030,0.927733,0.071729,0.381981,1.108407
place_bigres_r1_rp1,1.0000,1.0000,20.0000,1.0000,0.5000,0,0.0001622408099,9.446116573e-06,1.248450975e-06,4.29871654e-05,0.001494138824,0.02199412768,0.0002433612148,0.0003788659881,0.0006222272029,0.000237,0.072030,0.927733,0.071729,0.381981,1.108407
place_bigres_r1_rp1,1.0000,1.0000,20.0000,1.0000,0.7500,0,0.0001780520207,8.527698627e-06,1.621223964e-06,4.570887149e-05,0.00127124926,0.02199056985,0.0002670780311,0.0004335259617,0.0007006039927,0.000237,0.072030,0.927733,0.071729,0.381981,1.108407
place_bigres_r1_rp1,1.0000,1.0000,20.0000,1.0000,1.0000,0,0.0002132615697,7.825410893e-06,2.022159985e-06,4.861013133e-05,0.001113284316,0.02198755185,0.0003198923546,0.0004933964528,0.0008132888074,0.000237,0.072030,0.927733,0.071729,0.381981,1.108407
place_bigres_r1_rp1,1.0000,1.0000,20.0000,1.0000,1.5000,0,0.0003253295444,6.904332806e-06,2.835973494e-06,5.471050449e-05,0.0008885969534,0.0219827918,0.0004879943165,0.0006172173545,0.001105211671,0.000237,0.072030,0.927733,0.071729,0.381981,1.108407
place_bigres_r1_rp1,1.0000,1.0000,20.0000,1.0000,2.0000,0,0.0004721831322,6.433458058e-06,3.60945773e-06,6.094053078e-05,0.0007313762308,0.02197926881,0.0007082746983,0.0007370739962,0.001445348695,0.000237,0.072030,0.927733,0.071729,0.381981,1.108407
place_bigres_r1_rp0,1.0000,0.0000,20.0000,1.0000,0.0000,0,0.0001989389629,2.710198477e-06,7.302922155e-07,1.083313547e-05,NaN,0.002132288064,0.0002984084443,0.0003062628901,0.0006046713344,0.000237,0.072030,0.927733,0.071729,0.381981,1.108407
place_bigres_r1_rp0,1.0000,0.0000,20.0000,1.0000,0.0500,0,0.0001926234999,2.685838863e-06,7.58266814e-07,1.081600926e-05,0.003080699648,0.002132257888,0.0002889352498,0.00030988003,0.0005988152799,0.000237,0.072030,0.927733,0.071729,0.381981,1.108407
place_bigres_r1_rp0,1.0000,0.0000,20.0000,1.0000,0.1000,0,0.0001865959707,2.664760856e-06,7.885301784e-07,1.079535706e-05,0.001750020549,0.002132229829,0.0002798939561,0.0003138378734,0.0005937318295,0.000237,0.072030,0.927733,0.071729,0.381981,1.108407
place_bigres_r1_rp0,1.0000,0.0000,20.0000,1.0000,0.2000,0,0.0001754033671,2.63144874e-06,8.544404945e-07,1.074386053e-05,0.001062724477,0.002132182239,0.0002631050506,0.0003225613954,0.000585666446,0.000237,0.072030,0.927733,0.071729,0.381981,1.108407
place_bigres_r1_rp0,1.0000,0.0000,20.0000,1.0000,0.3000,0,0.0001653431876,2.608496787e-06,9.255497776e-07,1.067960814e-05,0.0008167495182,0.002132147586,0.0002480147814,0.000332076521,0.0005800913024,0.000237,0.072030,0.927733,0.071729,0.381981,1.108407
place_bigres_r1_rp0,1.0000,0.0000,20.0000,1.0000,0.4000,0,0.0001563790128,2.59445333e-06,1.000020021e-06,1.060375487e-05,0.0006830668409,0.00213212602,0.0002345685192,0.0003421184501,0.0005766869693,0.000237,0.072030,0.927733,0.071729,0.381981,1.108407
place_bigres_r1_rp0,1.0000,0.0000,20.0000,1.0000,0.5000,0,0.0001484626317,2.588108583e-06,1.076480028e-06,1.051753319e-05,0.0005955726409,0.002132116638,0.0002226939476,0.0003524897094,0.0005751836569,0.000237,0.072030,0.927733,0.071729,0.381981,1.108407
place_bigres_r1_rp0,1.0000,0.0000,20.0000,1.0000,0.7500,0,0.000132884606,2.599605409e-06,1.270231331e-06,1.026463514e-05,0.0004619307623,0.002132137266,0.000199326909,0.0003789778196,0.0005783047286,0.000237,0.072030,0.927733,0.071729,0.381981,1.108407
place_bigres_r1_rp0,1.0000,0.0000,20.0000,1.0000,1.0000,0,0.0001225788921,2.640955937e-06,1.460595352e-06,9.97235883e-06,0.0003813649685,0.002132203094,0.0001838683382,0.000405233164,0.0005891015022,0.000237,0.072030,0.927733,0.071729,0.381981,1.108407
place_bigres_r1_rp0,1.0000,0.0000,20.0000,1.0000,1.5000,0,0.0001142811688,2.781489399e-06,1.81496867e-06,9.32529042e-06,0.0002828603867,0.002132403532,0.0001714217532,0.000454627246,0.0006260489992,0.000237,0.072030,0.927733,0.071729,0.381981,1.108407
place_bigres_r1_rp0,1.0000,0.0000,20.0000,1.0000,2.0000,0,0.0001176253327,2.966145031e-06,2.127272061e-06,8.657171062e-06,0.0002225786792,0.002132632642,0.000176437999,0.0004986908449,0.0006751288439,0.000237,0.072030,0.927733,0.071729,0.381981,1.108407
place_bigres_r0_rp1,0.0000,1.0000,20.0000,1.0000,0.0000,0,8.695743663e-05,1.316070723e-05,3.305086026e-07,3.230533105e-05,NaN,0.02137414945,0.0001304361549,0.0002342636658,0.0003646998207,0.000105,0.060049,0.939845,0.028649,0.287541,1.013898
place_bigres_r0_rp1,0.0000,1.0000,20.0000,1.0000,0.0500,0,8.10328968e-05,1.272374364e-05,3.592838419e-07,3.270351575e-05,0.00287896994,0.02136944748,0.0001215493452,0.0002372214257,0.0003587707709,0.000105,0.060049,0.939845,0.028649,0.287541,1.013898
place_bigres_r0_rp1,0.0000,1.0000,20.0000,1.0000,0.1000,0,7.591753598e-05,1.230889838e-05,3.977721494e-07,3.312183289e-05,0.002222720968,0.02136482209,0.000113876304,0.0002415802659,0.0003554565699,0.000105,0.060049,0.939845,0.028649,0.287541,1.013898
place_bigres_r0_rp1,0.0000,1.0000,20.0000,1.0000,0.2000,0,6.805119101e-05,1.154231707e-05,5.000833452e-07,3.401584817e-05,0.001834417129,0.02135581755,0.0001020767865,0.0002539872318,0.0003560640183,0.000105,0.060049,0.939845,0.028649,0.287541,1.013898
place_bigres_r0_rp1,0.0000,1.0000,20.0000,1.0000,0.3000,0,6.3210057e-05,1.085454231e-05,6.305377093e-07,3.498085463e-05,0.001655682959,0.02134715984,9.481508551e-05,0.000270547771,0.0003653628565,0.000105,0.060049,0.939845,0.028649,0.287541,1.013898
place_bigres_r0_rp1,0.0000,1.0000,20.0000,1.0000,0.4000,0,6.121939249e-05,1.023936139e-05,7.83289414e-07,3.60099234e-05,0.001532908506,0.0213388609,9.182908874e-05,0.0002904624502,0.000382291539,0.000105,0.060049,0.939845,0.028649,0.287541,1.013898
place_bigres_r0_rp1,0.0000,1.0000,20.0000,1.0000,0.5000,0,6.188870576e-05,9.6908624e-06,9.534358923e-07,3.709610558e-05,0.001435155065,0.02133092354,9.283305864e-05,0.0003130548866,0.0004058879452,0.000105,0.060049,0.939845,0.028649,0.287541,1.013898
place_bigres_r0_rp1,0.0000,1.0000,20.0000,1.0000,0.7500,0,7.389821906e-05,8.575775385e-06,1.42982113e-06,4.001816576e-05,0.001244733569,0.02131262578,0.0001108473286,0.0003777443988,0.0004885917274,0.000105,0.060049,0.939845,0.028649,0.287541,1.013898
place_bigres_r0_rp1,0.0000,1.0000,20.0000,1.0000,1.0000,0,9.824877514e-05,7.767053811e-06,1.944666187e-06,4.316199844e-05,0.001097343714,0.02129639191,0.0001473731627,0.00044925448,0.0005966276427,0.000105,0.060049,0.939845,0.028649,0.287541,1.013898
place_bigres_r0_rp1,0.0000,1.0000,20.0000,1.0000,1.5000,0,0.000173295267,6.830447482e-06,2.987896354e-06,4.982590111e-05,0.0008760495213,0.02126919378,0.0002599429004,0.0005977080189,0.0008576509193,0.000105,0.060049,0.939845,0.028649,0.287541,1.013898
place_bigres_r0_rp1,0.0000,1.0000,20.0000,1.0000,2.0000,0,0.0002697939719,6.515086241e-06,3.970884364e-06,5.666123662e-05,0.0007168850033,0.02124754509,0.0004046909579,0.0007410560054,0.001145746963,0.000105,0.060049,0.939845,0.028649,0.287541,1.013898
place_bigres_r0_rp0,0.0000,0.0000,20.0000,1.0000,0.0000,0,7.632643353e-05,3.035254268e-06,3.18126825e-07,8.178836211e-06,NaN,0.00194204002,0.0001144896503,0.000232466651,0.0003469563013,0.000105,0.060049,0.939845,0.028649,0.287541,1.013898
place_bigres_r0_rp0,0.0000,0.0000,20.0000,1.0000,0.0500,0,7.370703508e-05,2.996560396e-06,3.473211005e-07,8.240938393e-06,0.00166952834,0.001942019917,0.0001105605526,0.0002355064673,0.0003460670199,0.000105,0.060049,0.939845,0.028649,0.287541,1.013898
place_bigres_r0_rp0,0.0000,0.0000,20.0000,1.0000,0.1000,0,7.119127337e-05,2.9613853e-06,3.7936511e-07,8.295636679e-06,0.001066328174,0.001942005917,0.0001067869101,0.0002389218747,0.0003457087848,0.000105,0.060049,0.939845,0.028649,0.287541,1.013898
place_bigres_r0_rp0,0.0000,0.0000,20.0000,1.0000,0.2000,0,6.649145949e-05,2.900806808e-06,4.503097639e-07,8.38426167e-06,0.0007406028315,0.00194199873,9.973718923e-05,0.0002466643009,0.0003464014901,0.000105,0.060049,0.939845,0.028649,0.287541,1.013898
place_bigres_r0_rp0,0.0000,0.0000,20.0000,1.0000,0.3000,0,6.225516281e-05,2.852084887e-06,5.280848966e-07,8.447505664e-06,0.0006133387777,0.00194202052,9.338274421e-05,0.0002553295922,0.0003487123364,0.000105,0.060049,0.939845,0.028649,0.287541,1.013898
place_bigres_r0_rp0,0.0000,0.0000,20.0000,1.0000,0.4000,0,5.849323376e-05,2.813970311e-06,6.104901587e-07,8.488006299e-06,0.0005377766324,0.001942070266,8.773985065e-05,0.0002646403068,0.0003523801574,0.000105,0.060049,0.939845,0.028649,0.287541,1.013898
place_bigres_r0_rp0,0.0000,0.0000,20.0000,1.0000,0.5000,0,5.520403555e-05,2.785363104e-06,6.958405254e-07,8.508226482e-06,0.0004842730022,0.00194214542,8.280605332e-05,0.0002743845865,0.0003571906398,0.000105,0.060049,0.939845,0.028649,0.287541,1.013898
place_bigres_r0_rp0,0.0000,0.0000,20.0000,1.0000,0.7500,0,4.896596734e-05,2.749286779e-06,9.143697269e-07,8.484564073e-06,0.000393826058,0.001942423328,7.344895101e-05,0.0002996701718,0.0003731191228,0.000105,0.060049,0.939845,0.028649,0.287541,1.013898
place_bigres_r0_rp0,0.0000,0.0000,20.0000,1.0000,1.0000,0,4.530853806e-05,2.754145454e-06,1.130948864e-06,8.378609077e-06,0.0003331323776,0.001942790994,6.796280709e-05,0.0003250987199,0.000393061527,0.000105,0.060049,0.939845,0.028649,0.287541,1.013898
place_bigres_r0_rp0,0.0000,0.0000,20.0000,1.0000,1.5000,0,4.422538915e-05,2.849952147e-06,1.535917573e-06,8.010945987e-06,0.0002523979816,0.001943650375,6.633808373e-05,0.0003734716975,0.0004398097812,0.000105,0.060049,0.939845,0.028649,0.287541,1.013898
place_bigres_r0_rp0,0.0000,0.0000,20.0000,1.0000,2.0000,0,4.91052315e-05,3.018217326e-06,1.892422079e-06,7.537821407e-06,0.0001999253737,0.001944536767,7.365784726e-05,0.0004169100424,0.0004905678897,0.000105,0.060049,0.939845,0.028649,0.287541,1.013898
place_bigman_r1_rp1,1.0000,1.0000,20.0000,1.0000,0.0000,0,0.000230650882,1.029343875e-05,8.298034865e-07,4.677678135e-05,NaN,0.02354298939,0.0003459763231,0.0003244430853,0.0006704194083,0.000237,0.072030,0.927733,0.071729,0.381981,1.108407
place_bigman_r1_rp1,1.0000,1.0000,20.0000,1.0000,0.0500,0,0.0002204195056,9.999368671e-06,8.493659468e-07,4.718637687e-05,0.004357808307,0.02355738611,0.0003306292584,0.0003262786844,0.0006569079428,0.000237,0.072030,0.927733,0.071729,0.381981,1.108407
place_bigman_r1_rp1,1.0000,1.0000,20.0000,1.0000,0.1000,0,0.0002114651938,9.719931214e-06,8.7564734e-07,4.761414059e-05,0.002836007147,0.02357155892,0.0003171977908,0.0003291583154,0.0006463561062,0.000237,0.072030,0.927733,0.071729,0.381981,1.108407
place_bigman_r1_rp1,1.0000,1.0000,20.0000,1.0000,0.2000,0,0.0001972422127,9.20233938e-06,9.455195203e-07,4.85198653e-05,0.002024204158,0.02359919944,0.000295863319,0.0003376261673,0.0006334894863,0.000237,0.072030,0.927733,0.071729,0.381981,1.108407
place_bigman_r1_rp1,1.0000,1.0000,20.0000,1.0000,0.3000,0,0.0001876720249,8.735692796e-06,1.034374249e-06,4.948562553e-05,0.00171240243,0.02362586625,0.0002815080374,0.0003490944699,0.0006306025073,0.000237,0.072030,0.927733,0.071729,0.381981,1.108407
place_bigman_r1_rp1,1.0000,1.0000,20.0000,1.0000,0.4000,0,0.0001824262378,8.315432493e-06,1.138081376e-06,5.0503645e-05,0.001528887641,0.02365154256,0.0002736393567,0.0003629448981,0.0006365842548,0.000237,0.072030,0.927733,0.071729,0.381981,1.108407
place_bigman_r1_rp1,1.0000,1.0000,20.0000,1.0000,0.5000,0,0.0001811710838,7.937396298e-06,1.253268602e-06,5.156677814e-05,0.001399020491,0.02367623133,0.0002717566256,0.0003786700322,0.0006504266578,0.000237,0.072030,0.927733,0.071729,0.381981,1.108407
place_bigman_r1_rp1,1.0000,1.0000,20.0000,1.0000,0.7500,0,0.0001933539067,7.153021667e-06,1.574659437e-06,5.438091193e-05,0.001176898932,0.02373376301,0.0002900308601,0.0004236364189,0.000713667279,0.000237,0.072030,0.927733,0.071729,0.381981,1.108407
place_bigman_r1_rp1,1.0000,1.0000,20.0000,1.0000,1.0000,0,0.0002236465054,6.559536836e-06,1.921264779e-06,5.73532711e-05,0.001023432052,0.02378569998,0.0003354697581,0.0004732211605,0.0008086909186,0.000237,0.072030,0.927733,0.071729,0.381981,1.108407
place_bigman_r1_rp1,1.0000,1.0000,20.0000,1.0000,1.5000,0,0.0003227311779,5.796192414e-06,2.624707869e-06,6.353273677e-05,0.0008096082186,0.02387508924,0.0004840967669,0.0005759756113,0.001060072378,0.000237,0.072030,0.927733,0.071729,0.381981,1.108407
place_bigman_r1_rp1,1.0000,1.0000,20.0000,1.0000,2.0000,0,0.0004535746074,5.423447053e-06,3.291732935e-06,6.976631956e-05,0.0006624579371,0.02394878581,0.0006803619111,0.0006752820216,0.001355643933,0.000237,0.072030,0.927733,0.071729,0.381981,1.108407
place_bigman_r1_rp0,1.0000,0.0000,20.0000,1.0000,0.0000,0,0.0002226074117,2.667696124e-06,8.058361019e-07,1.1398653e-05,NaN,0.002318264286,0.0003339111175,0.0003147221234,0.0006486332409,0.000237,0.072030,0.927733,0.071729,0.381981,1.108407
place_bigman_r1_rp0,1.0000,0.0000,20.0000,1.0000,0.0500,0,0.000215757177,2.642563092e-06,8.328069259e-07,1.137224148e-05,0.003392715265,0.002318411027,0.0003236357655,0.0003182669872,0.0006419027526,0.000237,0.072030,0.927733,0.071729,0.381981,1.108407
place_bigman_r1_rp0,1.0000,0.0000,20.0000,1.0000,0.1000,0,0.0002092390243,2.620784505e-06,8.621209205e-07,1.134249954e-05,0.001907320159,0.002318535467,0.0003138585365,0.0003221606057,0.0006360191422,0.000237,0.072030,0.927733,0.071729,0.381981,1.108407
place_bigman_r1_rp0,1.0000,0.0000,20.0000,1.0000,0.2000,0,0.0001971887656,2.586263263e-06,9.262690992e-07,1.127332908e-05,0.001142577841,0.002318710816,0.0002957831484,0.0003307748603,0.0006265580087,0.000237,0.072030,0.927733,0.071729,0.381981,1.108407
place_bigman_r1_rp0,1.0000,0.0000,20.0000,1.0000,0.3000,0,0.0001864216036,2.562316811e-06,9.957602458e-07,1.119198042e-05,0.000870678756,0.002318785658,0.0002796324054,0.0003401991926,0.000619831598,0.000237,0.072030,0.927733,0.071729,0.381981,1.108407
place_bigman_r1_rp0,1.0000,0.0000,20.0000,1.0000,0.4000,0,0.0001768851614,2.547448884e-06,1.068718938e-06,1.10995337e-05,0.0007239386264,0.00231876424,0.0002653277421,0.0003501618501,0.0006154895922,0.000237,0.072030,0.927733,0.071729,0.381981,1.108407
place_bigman_r1_rp0,1.0000,0.0000,20.0000,1.0000,0.5000,0,0.0001685164637,2.540411414e-06,1.143744989e-06,1.099717933e-05,0.000628530353,0.002318655129,0.0002527746956,0.0003604599927,0.0006132346883,0.000237,0.072030,0.927733,0.071729,0.381981,1.108407
place_bigman_r1_rp0,1.0000,0.0000,20.0000,1.0000,0.7500,0,0.0001522465444,2.550555111e-06,1.334119655e-06,1.070585916e-05,0.0004841141619,0.002318066807,0.0002283698166,0.0003867682466,0.0006151380632,0.000237,0.072030,0.927733,0.071729,0.381981,1.108407
place_bigman_r1_rp0,1.0000,0.0000,20.0000,1.0000,1.0000,0,0.0001417378931,2.59082384e-06,1.521253713e-06,1.037787398e-05,0.0003979558354,0.002317151629,0.0002126068396,0.0004128213995,0.0006254282392,0.000237,0.072030,0.927733,0.071729,0.381981,1.108407
place_bigman_r1_rp0,1.0000,0.0000,20.0000,1.0000,1.5000,0,0.0001339837738,2.729237032e-06,1.86928653e-06,9.667710594e-06,0.0002935715263,0.002314808933,0.0002009756606,0.0004616972024,0.000662672863,0.000237,0.072030,0.927733,0.071729,0.381981,1.108407
place_bigman_r1_rp0,1.0000,0.0000,20.0000,1.0000,2.0000,0,0.0001385723954,2.911294975e-06,2.175302921e-06,8.947363952e-06,0.0002301869009,0.002312246558,0.000207858593,0.0005050983329,0.0007129569259,0.000237,0.072030,0.927733,0.071729,0.381981,1.108407
place_bigman_r0_rp1,0.0000,1.0000,20.0000,1.0000,0.0000,0,9.600392654e-05,1.139144138e-05,3.815715855e-07,3.929421313e-05,NaN,0.02282904374,0.0001440058898,0.0002387385925,0.0003827444823,0.000105,0.060049,0.939845,0.028649,0.287541,1.013898
place_bigman_r0_rp1,0.0000,1.0000,20.0000,1.0000,0.0500,0,9.040726546e-05,1.100146327e-05,4.04726814e-07,3.972030791e-05,0.002904944469,0.02283874334,0.0001356108982,0.0002403965087,0.0003760074069,0.000105,0.060049,0.939845,0.028649,0.287541,1.013898
place_bigman_r0_rp1,0.0000,1.0000,20.0000,1.0000,0.1000,0,8.558371998e-05,1.063148588e-05,4.368405751e-07,4.016607554e-05,0.002174801252,0.02284832208,0.00012837558,0.0002433324418,0.0003717080218,0.000105,0.060049,0.939845,0.028649,0.287541,1.013898
place_bigman_r0_rp1,0.0000,1.0000,20.0000,1.0000,0.2000,0,7.81928996e-05,9.948541088e-06,5.243879899e-07,4.111336014e-05,0.001752871084,0.02286709539,0.0001172893494,0.0002525616171,0.0003698509665,0.000105,0.060049,0.939845,0.028649,0.287541,1.013898
place_bigman_r0_rp1,0.0000,1.0000,20.0000,1.0000,0.3000,0,7.368401223e-05,9.336700632e-06,6.377786343e-07,4.212911553e-05,0.001565800197,0.0228853291,0.0001105260183,0.0002655602505,0.0003760862688,0.000105,0.060049,0.939845,0.028649,0.287541,1.013898
place_bigman_r0_rp1,0.0000,1.0000,20.0000,1.0000,0.4000,0,7.18844206e-05,8.790265492e-06,7.715857716e-07,4.320608787e-05,0.00144091163,0.0229030009,0.0001078266309,0.0002815934055,0.0003894200364,0.000105,0.060049,0.939845,0.028649,0.287541,1.013898
place_bigman_r0_rp1,0.0000,1.0000,20.0000,1.0000,0.5000,0,7.26069058e-05,8.303824085e-06,9.212740792e-07,4.43370872e-05,0.001343439005,0.02292009871,0.0001089103587,0.000300042276,0.0004089526347,0.000105,0.060049,0.939845,0.028649,0.287541,1.013898
place_bigman_r0_rp1,0.0000,1.0000,20.0000,1.0000,0.7500,0,8.417627136e-05,7.317707753e-06,1.341865499e-06,4.735669298e-05,0.001157471852,0.02296032298,0.000126264407,0.0003535437289,0.000479808136,0.000105,0.060049,0.939845,0.028649,0.287541,1.013898
place_bigman_r0_rp1,0.0000,1.0000,20.0000,1.0000,1.0000,0,0.0001073402924,6.605880828e-06,1.797135159e-06,5.057652885e-05,0.001016071195,0.02299704616,0.0001610104386,0.000413155657,0.0005741660957,0.000105,0.060049,0.939845,0.028649,0.287541,1.013898
place_bigman_r0_rp1,0.0000,1.0000,20.0000,1.0000,1.5000,0,0.0001781843399,5.788908162e-06,2.71897544e-06,5.732905008e-05,0.00080654128,0.02306095894,0.0002672765098,0.0005372673771,0.0008045438869,0.000105,0.060049,0.939845,0.028649,0.287541,1.013898
place_bigman_r0_rp1,0.0000,1.0000,20.0000,1.0000,2.0000,0,0.0002687033405,5.522172924e-06,3.58537124e-06,6.417709288e-05,0.0006573812764,0.02311409279,0.0004030550108,0.0006569979392,0.00106005295,0.000105,0.060049,0.939845,0.028649,0.287541,1.013898
place_bigman_r0_rp0,0.0000,0.0000,20.0000,1.0000,0.0000,0,8.860750312e-05,2.951191182e-06,3.599146381e-07,8.639918224e-06,NaN,0.002080398904,0.0001329112547,0.0002320143784,0.000364925633,0.000105,0.060049,0.939845,0.028649,0.287541,1.013898
place_bigman_r0_rp0,0.0000,0.0000,20.0000,1.0000,0.0500,0,8.570211986e-05,2.912906804e-06,3.900097111e-07,8.699825516e-06,0.001840296126,0.002080349738,0.0001285531798,0.0002352677591,0.0003638209389,0.000105,0.060049,0.939845,0.028649,0.287541,1.013898
place_bigman_r0_rp0,0.0000,0.0000,20.0000,1.0000,0.1000,0,8.291685229e-05,2.878221614e-06,4.229775746e-07,8.752119145e-06,0.001157138407,0.002080290022,0.0001243752784,0.000238901562,0.0003632768405,0.000105,0.060049,0.939845,0.028649,0.287541,1.013898
place_bigman_r0_rp0,0.0000,0.0000,20.0000,1.0000,0.2000,0,7.772669947e-05,2.818826964e-06,4.958067871e-07,8.835319147e-06,0.0007909251948,0.002080139399,0.0001165900492,0.0002470892964,0.0003636793456,0.000105,0.060049,0.939845,0.028649,0.287541,1.013898
place_bigman_r0_rp0,0.0000,0.0000,20.0000,1.0000,0.3000,0,7.306302742e-05,2.771504247e-06,5.754712087e-07,8.892360409e-06,0.0006497400536,0.002079949257,0.0001095945411,0.0002562028362,0.0003657973774,0.000105,0.060049,0.939845,0.028649,0.287541,1.013898
place_bigman_r0_rp0,0.0000,0.0000,20.0000,1.0000,0.4000,0,6.893367982e-05,2.734944271e-06,6.597290026e-07,8.925952616e-06,0.0005669256594,0.002079723187,0.0001034005197,0.0002659566129,0.0003693571326,0.000105,0.060049,0.939845,0.028649,0.287541,1.013898
place_bigman_r0_rp0,0.0000,0.0000,20.0000,1.0000,0.5000,0,6.533348303e-05,2.707996232e-06,7.468650632e-07,8.938644991e-06,0.0005088595255,0.002079465404,9.800022454e-05,0.0002761326057,0.0003741328303,0.000105,0.060049,0.939845,0.028649,0.287541,1.013898
place_bigman_r0_rp0,0.0000,0.0000,20.0000,1.0000,0.7500,0,5.853925663e-05,2.676266066e-06,9.694461834e-07,8.894063963e-06,0.0004118055157,0.002078710614,8.780888495e-05,0.0003024213254,0.0003902302103,0.000105,0.060049,0.939845,0.028649,0.287541,1.013898
place_bigman_r0_rp0,0.0000,0.0000,20.0000,1.0000,1.0000,0,5.459267776e-05,2.685407593e-06,1.189386771e-06,8.765307311e-06,0.0003473626885,0.002077847353,8.188901664e-05,0.0003287179078,0.0004106069244,0.000105,0.060049,0.939845,0.028649,0.287541,1.013898
place_bigman_r0_rp0,0.0000,0.0000,20.0000,1.0000,1.5000,0,5.351104176e-05,2.788656359e-06,1.599027519e-06,8.350828116e-06,0.0002622828787,0.002075980548,8.026656264e-05,0.0003783996997,0.0004586662623,0.000105,0.060049,0.939845,0.028649,0.287541,1.013898
place_bigman_r0_rp0,0.0000,0.0000,20.0000,1.0000,2.0000,0,5.888089051e-05,2.962347129e-06,1.957948955e-06,7.83379727e-06,0.0002072849819,0.002074112449,8.832133576e-05,0.0004226486549,0.0005109699907,0.000105,0.060049,0.939845,0.028649,0.287541,1.013898
place_bigserv_r1_rp1,1.0000,1.0000,20.0000,1.0000,0.0000,0,0.000266825157,7.245049201e-06,9.828991035e-07,6.467072307e-05,NaN,0.0261885494,0.0004002377355,0.0003520585101,0.0007522962456,0.000237,0.072030,0.927733,0.071729,0.381981,1.108407
place_bigserv_r1_rp1,1.0000,1.0000,20.0000,1.0000,0.0500,0,0.0002567621014,7.027664097e-06,9.908629854e-07,6.512519596e-05,0.004593399507,0.02624375295,0.0003851431522,0.0003527879048,0.0007379310569,0.000237,0.072030,0.927733,0.071729,0.381981,1.108407
place_bigserv_r1_rp1,1.0000,1.0000,20.0000,1.0000,0.1000,0,0.0002479227161,6.822563009e-06,1.003978835e-06,6.559676884e-05,0.002813237141,0.02629797367,0.0003718840741,0.0003543269198,0.0007262109939,0.000237,0.072030,0.927733,0.071729,0.381981,1.108407
place_bigserv_r1_rp1,1.0000,1.0000,20.0000,1.0000,0.2000,0,0.0002337500365,6.446800979e-06,1.043366472e-06,6.658635837e-05,0.001879510559,0.02640327173,0.0003506250547,0.0003594911007,0.0007101161554,0.000237,0.072030,0.927733,0.071729,0.381981,1.108407
place_bigserv_r1_rp1,1.0000,1.0000,20.0000,1.0000,0.3000,0,0.0002239621154,6.113192398e-06,1.097024421e-06,6.763019868e-05,0.001533282378,0.02650419435,0.0003359431732,0.0003669470825,0.0007028902556,0.000237,0.072030,0.927733,0.071729,0.381981,1.108407
place_bigserv_r1_rp1,1.0000,1.0000,20.0000,1.0000,0.4000,0,0.0002182023852,5.817572639e-06,1.161699392e-06,6.871976432e-05,0.001336982706,0.0266006654,0.0003273035777,0.0003762046803,0.000703508258,0.000237,0.072030,0.927733,0.071729,0.381981,1.108407
place_bigserv_r1_rp1,1.0000,1.0000,20.0000,1.0000,0.5000,0,0.0002161164489,5.556171191e-06,1.234776166e-06,6.984736049e-05,0.001202790543,0.02669272411,0.0003241746734,0.0003868665849,0.0007110412583,0.000237,0.072030,0.927733,0.071729,0.381981,1.108407
place_bigserv_r1_rp1,1.0000,1.0000,20.0000,1.0000,0.7500,0,0.00022476519,5.03089819e-06,1.441454044e-06,7.278959009e-05,0.0009837866824,0.02690442183,0.000337147785,0.0004177005177,0.0007548483027,0.000237,0.072030,0.927733,0.071729,0.381981,1.108407
place_bigserv_r1_rp1,1.0000,1.0000,20.0000,1.0000,1.0000,0,0.0002494350872,4.65480754e-06,1.665680761e-06,7.584169819e-05,0.0008401928681,0.0270920551,0.0003741526307,0.0004518861816,0.0008260388123,0.000237,0.072030,0.927733,0.071729,0.381981,1.108407
place_bigserv_r1_rp1,1.0000,1.0000,20.0000,1.0000,1.5000,0,0.0003316131535,4.222788365e-06,2.119904845e-06,8.204368559e-05,0.0006493380348,0.02740741846,0.0004974197302,0.000522722642,0.001020142372,0.000237,0.072030,0.927733,0.071729,0.381981,1.108407
place_bigserv_r1_rp1,1.0000,1.0000,20.0000,1.0000,2.0000,0,0.0004396206099,4.074114215e-06,2.547678555e-06,8.814441183e-05,0.0005232951372,0.02766066583,0.0006594309148,0.0005909513676,0.001250382282,0.000237,0.072030,0.927733,0.071729,0.381981,1.108407
place_bigserv_r1_rp0,1.0000,0.0000,20.0000,1.0000,0.0000,0,0.0002610633758,2.542236627e-06,9.213173719e-07,1.221192031e-05,NaN,0.002823140972,0.0003915950636,0.0003422998336,0.0007338948973,0.000237,0.072030,0.927733,0.071729,0.381981,1.108407
place_bigserv_r1_rp0,1.0000,0.0000,20.0000,1.0000,0.0500,0,0.0002533314832,2.512831057e-06,9.433799003e-07,1.216379996e-05,0.003909851814,0.002824071158,0.0003799972248,0.0003449370502,0.000724934275,0.000237,0.072030,0.927733,0.071729,0.381981,1.108407
place_bigserv_r1_rp0,1.0000,0.0000,20.0000,1.0000,0.1000,0,0.0002460465575,2.487063669e-06,9.675619623e-07,1.211272297e-05,0.002155051925,0.002824926659,0.0003690698363,0.0003478944812,0.0007169643175,0.000237,0.072030,0.927733,0.071729,0.381981,1.108407
place_bigserv_r1_rp0,1.0000,0.0000,20.0000,1.0000,0.2000,0,0.0002327810167,2.445337338e-06,1.020872312e-06,1.200199952e-05,0.001255804453,0.002826329381,0.000349171525,0.0003545670584,0.0007037385834,0.000237,0.072030,0.927733,0.071729,0.381981,1.108407
place_bigserv_r1_rp0,1.0000,0.0000,20.0000,1.0000,0.3000,0,0.0002211792573,2.415090864e-06,1.07889923e-06,1.188060391e-05,0.0009392299706,0.002827258895,0.000331768886,0.0003619801314,0.0006937490174,0.000237,0.072030,0.927733,0.071729,0.381981,1.108407
place_bigserv_r1_rp0,1.0000,0.0000,20.0000,1.0000,0.4000,0,0.0002111384771,2.394689797e-06,1.139909701e-06,1.174965373e-05,0.0007702725636,0.002827707058,0.0003167077157,0.0003698845812,0.000686592297,0.000237,0.072030,0.927733,0.071729,0.381981,1.108407
place_bigserv_r1_rp0,1.0000,0.0000,20.0000,1.0000,0.5000,0,0.0002025487739,2.382762935e-06,1.202624043e-06,1.161038243e-05,0.0006616370174,0.00282770685,0.0003038231608,0.0003780959301,0.0006819190909,0.000237,0.072030,0.927733,0.071729,0.381981,1.108407
place_bigserv_r1_rp0,1.0000,0.0000,20.0000,1.0000,0.7500,0,0.0001866967812,2.382826348e-06,1.361265353e-06,1.123393188e-05,0.0004999212075,0.002826092343,0.0002800451717,0.0003991535774,0.0006791987492,0.000237,0.072030,0.927733,0.071729,0.381981,1.108407
place_bigserv_r1_rp0,1.0000,0.0000,20.0000,1.0000,1.0000,0,0.0001775757778,2.415083978e-06,1.516218156e-06,1.083118506e-05,0.0004055123537,0.002822847953,0.0002663636667,0.0004200300168,0.0006863936835,0.000237,0.072030,0.927733,0.071729,0.381981,1.108407
place_bigserv_r1_rp0,1.0000,0.0000,20.0000,1.0000,1.5000,0,0.0001740660696,2.540451709e-06,1.801425776e-06,1.000112274e-05,0.0002937112838,0.0028140043,0.0002610991044,0.0004591120927,0.0007202111971,0.000237,0.072030,0.927733,0.071729,0.381981,1.108407
place_bigserv_r1_rp0,1.0000,0.0000,20.0000,1.0000,2.0000,0,0.0001834903872,2.710598007e-06,2.049004515e-06,9.194937173e-06,0.0002273920071,0.00280437826,0.0002752355808,0.0004936757448,0.0007689113256,0.000237,0.072030,0.927733,0.071729,0.381981,1.108407
place_bigserv_r0_rp1,0.0000,1.0000,20.0000,1.0000,0.0000,0,0.0001149428384,7.751938134e-06,4.885304707e-07,5.708673248e-05,NaN,0.02575778821,0.0001724142576,0.0002672559878,0.0004396702454,0.000105,0.060049,0.939845,0.028649,0.287541,1.013898
place_bigserv_r0_rp1,0.0000,1.0000,20.0000,1.0000,0.0500,0,0.0001098233465,7.470047236e-06,5.002721994e-07,5.759088745e-05,0.002912754718,0.02581405366,0.0001647350198,0.0002682530894,0.0004329881092,0.000105,0.060049,0.939845,0.028649,0.287541,1.013898
place_bigserv_r0_rp1,0.0000,1.0000,20.0000,1.0000,0.1000,0,0.0001054298397,7.204628912e-06,5.187521346e-07,5.811337162e-05,0.00202622392,0.0258693689,0.0001581447596,0.0002702193379,0.0004283640975,0.000105,0.060049,0.939845,0.028649,0.287541,1.013898
place_bigserv_r0_rp1,0.0000,1.0000,20.0000,1.0000,0.2000,0,9.874874933e-05,6.720491163e-06,5.730263336e-07,5.920933867e-05,0.001533155388,0.0259769464,0.000148123124,0.0002766705034,0.0004247936274,0.000105,0.060049,0.939845,0.028649,0.287541,1.013898
place_bigserv_r0_rp1,0.0000,1.0000,20.0000,1.0000,0.3000,0,9.473421779e-05,6.294164868e-06,6.461741235e-07,6.036637779e-05,0.001328685605,0.02608022857,0.0001421013267,0.000285911735,0.0004280130617,0.000105,0.060049,0.939845,0.028649,0.287541,1.013898
place_bigserv_r0_rp1,0.0000,1.0000,20.0000,1.0000,0.4000,0,9.319745781e-05,5.920501309e-06,7.339218044e-07,6.157616182e-05,0.001199778351,0.02617907595,0.0001397961867,0.0002973617997,0.0004371579864,0.000105,0.060049,0.939845,0.028649,0.287541,1.013898
place_bigserv_r0_rp1,0.0000,1.0000,20.0000,1.0000,0.5000,0,9.393842902e-05,5.594645866e-06,8.327716791e-07,6.283066361e-05,0.001103534975,0.02627346459,0.0001409076435,0.0003105398469,0.0004514474904,0.000105,0.060049,0.939845,0.028649,0.287541,1.013898
place_bigserv_r0_rp1,0.0000,1.0000,20.0000,1.0000,0.7500,0,0.0001044374442,4.960382675e-06,1.111116538e-06,6.61147781e-05,0.0009291546046,0.02649046015,0.0001566561663,0.0003486199056,0.0005052760719,0.000105,0.060049,0.939845,0.028649,0.287541,1.013898
place_bigserv_r0_rp1,0.0000,1.0000,20.0000,1.0000,1.0000,0,0.0001249300377,4.536568643e-06,1.411122683e-06,6.953316695e-05,0.0008030710165,0.02668227616,0.0001873950565,0.0003907517145,0.0005781467711,0.000105,0.060049,0.939845,0.028649,0.287541,1.013898
place_bigserv_r0_rp1,0.0000,1.0000,20.0000,1.0000,1.5000,0,0.0001860722494,4.13755343e-06,2.011918161e-06,7.649195843e-05,0.0006240761633,0.02700226325,0.0002791083742,0.0004775605478,0.0007566689219,0.000105,0.060049,0.939845,0.028649,0.287541,1.013898
place_bigserv_r0_rp1,0.0000,1.0000,20.0000,1.0000,2.0000,0,0.0002623168139,4.126661685e-06,2.56849496e-06,8.332668977e-05,0.0005013251635,0.02725593135,0.0003934752208,0.0005603578666,0.0009538330874,0.000105,0.060049,0.939845,0.028649,0.287541,1.013898
place_bigserv_r0_rp0,0.0000,0.0000,20.0000,1.0000,0.0000,0,0.0001108272076,2.803530375e-06,4.292609651e-07,9.365308528e-06,NaN,0.00256005861,0.0001662408114,0.0002578557076,0.000424096519,0.000105,0.060049,0.939845,0.028649,0.287541,1.013898
place_bigserv_r0_rp0,0.0000,0.0000,20.0000,1.0000,0.0500,0,0.0001074649322,2.76238022e-06,4.569764006e-07,9.413133619e-06,0.002170180202,0.00255984289,0.0001611973983,0.0002605794462,0.0004217768445,0.000105,0.060049,0.939845,0.028649,0.287541,1.013898
place_bigserv_r0_rp0,0.0000,0.0000,20.0000,1.0000,0.1000,0,0.0001042789476,2.725049177e-06,4.87249819e-07,9.45277974e-06,0.001316844893,0.002559573917,0.0001564184214,0.0002636441037,0.0004200625251,0.000105,0.060049,0.939845,0.028649,0.287541,1.013898
place_bigserv_r0_rp0,0.0000,0.0000,20.0000,1.0000,0.2000,0,9.844960133e-05,2.660983965e-06,5.538010297e-07,9.509247021e-06,0.0008648016866,0.002558828639,0.000147674402,0.0002705861453,0.0004182605473,0.000105,0.060049,0.939845,0.028649,0.287541,1.013898
place_bigserv_r0_rp0,0.0000,0.0000,20.0000,1.0000,0.3000,0,9.334944492e-05,2.609745269e-06,6.260996805e-07,9.538062129e-06,0.0006944698113,0.002557776446,0.0001400241674,0.0002783286869,0.0004183528543,0.000105,0.060049,0.939845,0.028649,0.287541,1.013898
place_bigserv_r0_rp0,0.0000,0.0000,20.0000,1.0000,0.4000,0,8.896729715e-05,2.5699292e-06,7.020266192e-07,9.542417718e-06,0.0005967850505,0.002556422419,0.0001334509457,0.0002866066727,0.0004200576185,0.000105,0.060049,0.939845,0.028649,0.287541,1.013898
place_bigserv_r0_rp0,0.0000,0.0000,20.0000,1.0000,0.5000,0,8.527754202e-05,2.540288965e-06,7.799915464e-07,9.525303211e-06,0.0005296346902,0.002554797121,0.000127916313,0.0002952212487,0.0004231375617,0.000105,0.060049,0.939845,0.028649,0.287541,1.013898
place_bigserv_r0_rp0,0.0000,0.0000,20.0000,1.0000,0.7500,0,7.88407526e-05,2.503701448e-06,9.767581068e-07,9.406123732e-06,0.0004202603233,0.002549822011,0.0001182611289,0.0003173427475,0.0004356038764,0.000105,0.060049,0.939845,0.028649,0.287541,1.013898
place_bigserv_r0_rp0,0.0000,0.0000,20.0000,1.0000,1.0000,0,7.585429581e-05,2.509686319e-06,1.168098912e-06,9.206069133e-06,0.0003496996812,0.002544048983,0.0001137814437,0.0003392678149,0.0004530492586,0.000105,0.060049,0.939845,0.028649,0.287541,1.013898
place_bigserv_r0_rp0,0.0000,0.0000,20.0000,1.0000,1.5000,0,7.763650678e-05,2.608233153e-06,1.517232523e-06,8.668224415e-06,0.0002590444285,0.00253189601,0.0001164547602,0.0003801782917,0.0004966330519,0.000105,0.060049,0.939845,0.028649,0.287541,1.013898
place_bigserv_r0_rp0,0.0000,0.0000,20.0000,1.0000,2.0000,0,8.624669267e-05,2.776172831e-06,1.816331022e-06,8.057511178e-06,0.0002019661513,0.002520432516,0.000129370039,0.0004161324439,0.0005455024829,0.000105,0.060049,0.939845,0.028649,0.287541,1.013898
