scen,rho,rp,L_opt,pi_opt,y_opt,s_opt,L_taylor,pi_T,y_T,fx_value_pct,s_opt_at_base,L_base_opt,L_base_s0,L_base_s03,edge,n_ok
net_0_rp_0,0.0,0.0,3.539258594,50.0,1.0,0.5,3.605575955,20.0,0.5,1.8393000682189167,0.2,7.013258727,15.775002749999999,7.06519831,,451
net_0_rp_0.5,0.0,0.5,3.5627286409999996,50.0,1.0,0.5,3.639985514,50.0,1.0,2.122450012585421,0.2,7.161753378999999,16.30331266,7.302489654,,451
net_0_rp_1,0.0,1.0,3.611984473,50.0,1.0,0.3,3.7384453829999997,50.0,1.0,3.382713856809597,0.2,7.607237333,17.88824237,8.014363687,,451
net_0_rp_2,0.0,2.0,3.787608734,50.0,1.0,0.3,4.132284859,50.0,1.0,8.341054326138853,0.2,9.389173149,24.22796122,10.86185982,,451
net_0.5_rp_0,0.5,0.0,4.482087298,50.0,1.0,1.0,4.582990593,20.0,1.0,2.2016910781819745,0.3,7.925145234,18.71704812,7.925145234,,451
net_0.5_rp_0.5,0.5,0.5,4.527178798,20.0,1.0,0.2,4.63328217,20.0,1.0,2.2900261220222777,0.2,8.120204914,19.24383039,8.142720653,,451
net_0.5_rp_1,0.5,1.0,4.579247302,20.0,1.0,0.2,4.784156899,20.0,1.0,4.283086891293871,0.2,8.540674967000001,20.824177180000003,8.795446912000001,,451
net_0.5_rp_2,0.5,2.0,4.787056628999999,20.0,0.5,0.2,5.200537562,50.0,1.0,7.950734478321621,0.2,10.22255518,27.145564359999998,11.40635195,,451
net_1_rp_0,1.0,0.0,6.085876619,20.0,1.0,0.5,6.4281067510000005,20.0,1.0,5.323964664195417,0.3,9.383400851000001,23.42075933,9.383400851000001,,451
net_1_rp_0.5,1.0,0.5,6.177146727999999,20.0,1.0,0.3,6.484410943,20.0,1.0,4.73850620666934,0.3,9.580456551,23.94815278,9.580456551,,451
net_1_rp_1,1.0,1.0,6.264219091999999,20.0,1.0,0.3,6.653323517,20.0,1.0,5.848271529346109,0.2,10.14176956,25.530333130000002,10.171623649999999,,451
net_1_rp_2,1.0,2.0,6.516667977999999,20.0,1.0,0.2,7.301369354,50.0,1.0,10.74731790647063,0.2,11.72724122,31.85905453,12.53629205,,451
net_1.5_rp_0,1.5,0.0,8.861638103,20.0,1.0,1.0,10.10161605,20.0,1.0,12.275045308220756,0.3,11.91556353,30.67736753,11.91556353,,451
net_1.5_rp_0.5,1.5,0.5,9.184673267,20.0,1.0,0.75,10.16862461,20.0,1.0,9.676346415938736,0.3,12.09291901,31.219787580000002,12.09291901,,451
net_1.5_rp_1,1.5,1.0,9.43374448,10.0,0.5,0.3,10.369650290000001,20.0,1.0,9.02543271784724,0.3,12.62498548,32.84704773,12.62498548,,451
net_1.5_rp_2,1.5,2.0,9.923310022999999,20.0,1.0,0.3,11.17375302,20.0,1.0,11.190895259290423,0.2,14.44787569,39.35608831,14.75325134,,451
abl_unifdelta_r1,1.0,1.0,7.19537954,20.0,1.0,0.3,7.50676403,20.0,1.0,4.148052193402967,0.3,10.84803182,29.75909566,10.84803182,,451
abl_unifof_r1,1.0,1.0,6.143241331,20.0,1.0,0.3,6.49944729,20.0,1.0,5.480557701391874,0.2,9.812275497999998,24.607705470000003,9.867180711,,451
abl_zeroof_r1,1.0,1.0,5.485326019,20.0,0.5,0.2,5.724818892,20.0,1.0,4.183413965019448,0.2,11.23127312,23.30381904,12.673009700000001,,451
abl_flat_r1,1.0,1.0,7.059581728,20.0,1.0,0.3,7.366651171,20.0,1.0,4.168372247743012,0.3,10.63199561,29.487870479999998,10.63199561,,451
abl_flat_norp_r1,1.0,0.0,6.882159512,20.0,1.0,0.75,7.253437723,20.0,1.0,5.118651668059547,0.3,9.958820345000001,27.33963482,9.958820345000001,,451
abl_unifdelta_r0,0.0,1.0,3.964271104,50.0,1.0,0.3,4.0274835609999995,50.0,1.0,1.5695273746643028,0.2,8.165189753,22.315036350000003,8.40658296,,451
abl_unifof_r0,0.0,1.0,3.613972131,50.0,1.0,0.3,3.719524754,50.0,1.0,2.8377986431327806,0.2,7.3585289,17.3381133,7.7544930999999995,,451
abl_zeroof_r0,0.0,1.0,3.466858226,50.0,1.0,0.3,3.5995081410000003,20.0,1.0,3.6852233639662835,0.1,8.505989743999999,16.40681502,10.55671041,,451
abl_flat_r0,0.0,1.0,3.942304359,50.0,1.0,0.3,4.003410222,50.0,1.0,1.5263452809358469,0.2,7.982266674000001,22.18012266,8.193559378,,451
abl_flat_norp_r0,0.0,0.0,3.8962876129999997,50.0,1.0,0.5,3.923164442,20.0,0.5,0.6850803578934029,0.3,7.358064151000001,19.73327879,7.358064151000001,,451
abl_psi0.005_r1,1.0,1.0,6.3793698249999995,20.0,1.0,0.2,6.7619137910000005,20.0,1.0,5.657332788080807,0.2,10.373855769999999,25.64981768,10.799337710000001,,451
abl_psi0.005_r0,0.0,1.0,3.706142771,50.0,1.0,0.3,3.854778021,50.0,1.0,3.8558705375579883,0.2,7.867983208,18.32915838,8.720667826,,451
abl_psi0.1_r1,1.0,1.0,6.200323066,20.0,1.0,0.3,6.539503244,20.0,1.0,5.186635212868769,0.3,9.72381145,25.17570387,9.72381145,,451
abl_psi0.1_r0,0.0,1.0,3.541465877,50.0,1.0,0.3,3.626874173,50.0,1.0,2.3548734233962687,0.2,7.329030822,17.36044905,7.462707333999999,,451
