psi,rho,regime,piDC,PIC,y_gap,y_gap1,y_gap2,y_gap3,PI1,PI2,PI3,I,BSTAR
0.00500000,0.000000,float,1.140642137e-05,2.832082694e-05,8.251486334e-05,7.007691678e-08,2.381522211e-05,8.218272277e-05,0.0001410542522,2.888973706e-05,1.165621193e-05,5.987754367e-05,  0.07639751348
0.00500000,0.000000,managed,4.411514701e-06,1.004694173e-05,8.797596849e-05,1.382833866e-07,2.072860546e-05,0.0001034796752,  0.00017624777, 1.68114769e-05,4.759730955e-06,5.914807962e-05,  0.07682512282
0.00500000,1.000000,float,1.478983034e-05,2.939464968e-05,0.0001067480146,  1.0693189e-06,3.560822935e-05,9.718215374e-05,0.0001252489874,3.136848643e-05,1.493102207e-05,6.902183697e-05,  0.07925522982
0.00500000,1.000000,peg,1.837765834e-05,2.595261264e-05, 0.007157605729,3.174261345e-06,0.0003927420795, 0.004149427116, 0.001364648876, 6.58622989e-05,1.684019639e-05,0.0002652702541,  0.08270307784
0.00500000,1.000000,managed,4.854483043e-06,1.153930812e-05,0.0001191304798, 8.71308075e-07,3.501477847e-05,0.0001064659308,0.0001169219375,1.698391694e-05,5.171656434e-06,6.295215548e-05,  0.07991112464
0.00500000,2.000000,float, 2.20858675e-05,3.426272944e-05,0.0001513251866,5.655464168e-06,6.107122798e-05,0.0001351708868,0.0001294136715,4.053767887e-05,2.199771361e-05,8.624997327e-05,   0.0831262694
0.00500000,2.000000,peg,1.461774152e-05, 1.56222145e-05,  0.01437532453,6.991717883e-05, 0.001220717815, 0.006080032538,0.0002492394828,2.835360641e-05,1.478338292e-05,0.0002651063293,  0.08662348773
0.00500000,2.000000,managed, 6.56206323e-06,1.404155699e-05,0.0002272123855,5.897378777e-06,8.145168048e-05,0.0001283134724,0.0001080523219,2.193040228e-05,6.707524167e-06,7.229134259e-05,  0.08364348324
0.01000000,0.000000,float,1.130317096e-05,2.642937944e-05,7.844308472e-05,6.802668464e-08,2.380377412e-05,7.836674087e-05,0.0001422154999,2.848042822e-05,1.155535055e-05,5.727031151e-05,  0.04258423796
0.01000000,0.000000,peg,1.816291046e-05,3.328961906e-05, 0.003759580825,1.045285134e-06,0.0001049677298, 0.002879539191,   0.0032538546,9.929736134e-05,1.608300535e-05,0.0002535086042,  0.04373257699
0.01000000,0.000000,managed, 4.22021878e-06,9.500864744e-06,8.043062896e-05,1.222638124e-07,2.065432118e-05,9.644389066e-05,0.0001644550774,1.667996508e-05,4.566245286e-06,5.755749488e-05,   0.0428224853
0.01000000,1.000000,float,1.483089998e-05,2.783302731e-05,0.0001015961001,1.045023665e-06,3.573819709e-05,9.268577922e-05, 0.000125462616,3.109753823e-05,1.497481718e-05,6.642460074e-05,  0.04405346634
0.01000000,1.000000,peg,1.573772351e-05, 2.29537261e-05, 0.006273094093, 2.91218738e-06,0.0003478511262, 0.003637861167, 0.001216137663,5.805898227e-05,1.447147403e-05,0.0002527050905,  0.04594984324
0.01000000,1.000000,managed,4.700206442e-06, 1.08237153e-05,0.0001125000616, 8.70776137e-07,3.467859903e-05, 0.000101580045,0.0001145231442,1.697139029e-05,5.005090209e-06,6.097616272e-05,  0.04440630439
0.01000000,2.000000,float,2.216808034e-05,3.301068383e-05,0.0001435005414,5.578020865e-06,6.142846474e-05,0.0001293451966,0.0001291680722,4.038955071e-05, 2.20764851e-05,8.384113342e-05,  0.04601388609
0.01000000,2.000000,peg,1.261117365e-05, 1.40565295e-05,  0.01261073263,6.222115027e-05, 0.001076368136, 0.005338917993,0.0002314481683,2.646787791e-05, 1.27667052e-05,0.0002524916237,  0.04790937339
0.01000000,2.000000,managed, 6.43998067e-06, 1.31969842e-05,0.0002252851007,6.007479571e-06,8.115326677e-05,0.0001260809761,0.0001080148953,2.184935489e-05,6.563843917e-06,6.963815404e-05,  0.04629218633
0.02000000,0.000000,float, 1.12278598e-05,2.425870998e-05,7.232701375e-05,6.619350057e-08,2.377306882e-05,7.294331241e-05,0.0001434470698,2.798317718e-05,1.148600677e-05,5.370199218e-05,   0.0225202518
0.02000000,0.000000,peg, 1.50980415e-05, 2.85851837e-05, 0.003184248323, 8.70196568e-07,9.198304899e-05,  0.00244008439,  0.00279321006,8.362429652e-05,1.346693822e-05,0.0002351394505,    0.023129256
0.02000000,0.000000,managed,4.038203986e-06,8.854396015e-06,7.423102393e-05,1.064737622e-07,2.060316983e-05,9.053647359e-05,0.0001522823755,1.660644563e-05, 4.37995063e-06,5.413713821e-05,  0.02264418683
0.02000000,1.000000,float,1.488380119e-05,2.602833239e-05,9.365393894e-05,1.016993513e-06,3.577081638e-05,8.661209381e-05,0.0001256155424,3.077247915e-05,1.503285722e-05,6.289132182e-05,  0.02322135769
0.02000000,1.000000,peg,1.312788176e-05, 1.99131379e-05, 0.005302537715,2.618298911e-06,0.0002980859566, 0.003078803498, 0.001049879435,4.991200451e-05, 1.21495283e-05,0.0002339911537,  0.02419850063
0.02000000,1.000000,managed,4.552792001e-06,9.983686666e-06,0.0001076202194,8.704824726e-07,3.444108049e-05,9.771119188e-05,0.0001121566688,1.696430157e-05,4.845174559e-06,5.720373437e-05,  0.02339776743
0.02000000,2.000000,float,2.224199924e-05,3.155294609e-05,0.0001316899875,5.459668018e-06,6.146132728e-05,0.0001220311054,0.0001288379728,4.020587812e-05,2.214871427e-05,8.053308366e-05,  0.02414521517
0.02000000,2.000000,peg,1.066047715e-05, 1.25339828e-05,  0.01069800292,  5.3857578e-05,0.0009200215322, 0.004535418471,0.0002119305638, 2.45876915e-05,1.081096965e-05,0.0002337614593,  0.02510284027
0.02000000,2.000000,managed,6.336351798e-06,1.223642681e-05, 0.000224548976, 6.11459879e-06,8.093013706e-05,0.0001244569133,0.0001079949709,2.176758306e-05,6.439883087e-06,6.529769598e-05,   0.0242834749
0.04000000,0.000000,float,1.117996125e-05,2.189883504e-05,6.368287013e-05, 6.47146372e-08,2.370035108e-05,6.566819988e-05,0.0001444510413, 2.74011774e-05,1.144807102e-05,4.929036241e-05,  0.01114488886
0.04000000,0.000000,peg,1.234526844e-05,2.415666607e-05, 0.002599033887,6.957679773e-07,7.833272183e-05, 0.001996789141, 0.002309157227,6.856091604e-05,1.114429083e-05,0.0002098767835,  0.01144287542
0.04000000,0.000000,managed,3.870624807e-06,8.101359665e-06,7.029455811e-05,9.258010125e-08,2.059815866e-05,8.648381037e-05,0.0001411984863,1.658160413e-05, 4.20675436e-06,4.862203437e-05,  0.01120362668
0.04000000,1.000000,float,1.493891425e-05, 2.40663389e-05,8.243453141e-05, 9.86307598e-07,3.563201651e-05,7.888870997e-05,0.0001256121532,3.040965514e-05,1.509533614e-05, 5.84798127e-05,  0.01145109456
0.04000000,1.000000,peg,1.082085729e-05,1.714264038e-05, 0.004324617585,2.312480158e-06,0.0002472111326, 0.002518748329,0.0008769566154,4.225243063e-05,1.011678501e-05,0.0002083844767,  0.01191314587
0.04000000,1.000000,managed,4.420557549e-06,9.040336379e-06,0.0001051371772,8.701687129e-07,3.435654045e-05,9.526119511e-05,0.0001101329495,1.694960381e-05,4.701786746e-06,5.143705298e-05,   0.0115312976
0.04000000,2.000000,float,2.230247534e-05,2.997356578e-05,0.0001154849903,5.298013108e-06,6.101730818e-05,0.0001133653402,0.0001284321413,4.001018307e-05,2.220922853e-05,7.627515111e-05,  0.01185165099
0.04000000,2.000000,peg,8.969120888e-06,1.121679686e-05, 0.008800527689,4.553431715e-05,0.0007650175358, 0.003738245646,0.0001921289703, 2.29101469e-05, 9.11997322e-06,0.0002082159484,  0.01229345826
0.04000000,2.000000,managed,6.261489291e-06,1.120673172e-05,0.0002248996387, 6.20408795e-06,8.078958245e-05,0.0001235236213,0.0001079930927,2.169374947e-05, 6.34795159e-06,5.915346513e-05,  0.01191376806
0.08000000,0.000000,float,1.115597473e-05, 1.95068868e-05,5.265003691e-05,6.363349673e-08,2.356107957e-05,5.683803927e-05,0.0001448229945,2.678101398e-05, 1.14368023e-05,4.439091437e-05, 0.005104166782
0.08000000,0.000000,peg,1.017115039e-05,2.045870261e-05, 0.002061007442,5.397412537e-07,6.521337771e-05, 0.001593694353, 0.001841783697,5.578027019e-05,9.332277373e-06,0.0001783333978, 0.005235843271
0.08000000,0.000000,managed,3.725173905e-06,7.257780061e-06,6.877567769e-05,8.188803727e-08,2.065253471e-05,8.436537536e-05,0.0001327107698,1.657226903e-05,4.056121541e-06,4.131111985e-05, 0.005128935254
0.08000000,1.000000,float,1.498911593e-05,2.209020988e-05,6.823251095e-05,9.547616841e-07,3.527101206e-05,6.990185378e-05,0.0001253539643,3.004951757e-05,1.515399662e-05, 5.34818764e-05, 0.005225266577
0.08000000,1.000000,peg,9.031340609e-06,1.491964059e-05, 0.003435853286,2.021854203e-06,0.0002000868032, 0.002013635824,0.0007121079691,3.591683335e-05,8.555973334e-06,0.0001765942498, 0.005421857012
0.08000000,1.000000,managed,4.312697101e-06,8.043645181e-06,0.0001048146722, 8.69369465e-07, 3.44314531e-05,9.411675916e-05,0.0001087304219,  1.6916496e-05,4.585619674e-06,4.400997098e-05, 0.005257752444
0.08000000,2.000000,float,2.234810626e-05,2.840034803e-05,9.548196117e-05,5.101350247e-06,6.004795708e-05, 0.000103827822,0.0001279785099,3.983476003e-05,2.225602892e-05,7.125640022e-05, 0.005383829834
0.08000000,2.000000,peg,7.683872831e-06,1.022412171e-05, 0.007108720426,3.808630889e-05,0.0006268702285, 0.003027522412,0.0001737956924,2.159672227e-05,7.838770666e-06,0.0001766045504, 0.005566502887
0.08000000,2.000000,managed,6.218412195e-06,1.017728926e-05,0.0002256670663,6.262994661e-06,8.070141714e-05,0.0001230939301,0.0001080021669,2.163705912e-05,6.292262782e-06,5.154644694e-05, 0.005408626409
0.00500000,0.000000,peg,2.122221938e-05,3.781082133e-05, 0.004279984075, 1.20614238e-06,0.0001164469103, 0.003279387463, 0.003662033138,0.0001140392393,1.872075971e-05,0.0002657895008,  0.07843840351
