delta3,rho,regime,piDC,PIC,y_gap,y_gap1,y_gap2,y_gap3,PI1,PI2,PI3,I,BSTAR
0.050000,0.000000,float,1.886182514e-07,1.435188223e-05,9.679214305e-05,9.441281176e-08, 2.74390804e-05,0.0001243487721,0.0001304829018,2.058749828e-05, 1.89464782e-07,2.832940943e-05,  0.02252756809
0.050000,0.000000,peg,6.078148176e-07,1.498471446e-05, 0.004466361074,1.308904728e-06,9.743225219e-05,  0.00379769024, 0.003010270492,0.0001008954254,5.569057397e-07,0.0002351772753,  0.02309180827
0.050000,0.000000,managed,1.842264447e-07,7.391604348e-06,0.0001377512232,1.661846046e-07,2.451634565e-05,0.0001991372845,0.0001523606261,1.644527783e-05,1.851438377e-07,4.912933341e-05,  0.02263303091
0.050000,1.000000,float, 2.44576634e-07,1.231052675e-05, 0.000117130148, 1.12975163e-06, 3.98302322e-05,0.0001465583536,0.0001135273562,1.900521078e-05,2.430710318e-07,3.378236343e-05,   0.0232271367
0.050000,1.000000,peg, 5.66097775e-07,8.798644817e-06, 0.007270155539,2.702140828e-06,0.0003188768911, 0.004685490229, 0.001104840043,5.604320317e-05,5.258740271e-07,0.0002339505348,  0.02422953179
0.050000,1.000000,managed,1.856806702e-07,7.715175169e-06, 0.000158849029,9.545149619e-07, 3.56542707e-05,0.0002014971829,0.0001111135165,1.599839766e-05,1.855158376e-07,5.060765291e-05,  0.02338709434
0.050000,2.000000,float,3.458425935e-07,1.035436052e-05,0.0001522277706, 5.57546371e-06,6.567222798e-05,  0.00020366325, 0.000107979519,1.928515597e-05, 3.40413566e-07,4.326639583e-05,  0.02414610436
0.050000,2.000000,peg,5.006233277e-07, 4.27907985e-06,  0.01462441913,6.168516344e-05, 0.001065556325, 0.006802322852,0.0002043397432,2.307618043e-05,4.838741056e-07,0.0002337336035,  0.02513355743
0.050000,2.000000,managed,2.180292091e-07,  7.8427093e-06,0.0002037229049,4.926230341e-06,6.878874025e-05,0.0002300232968,0.0001038817385,1.781539881e-05,2.148407994e-07,  5.5683449e-05,  0.02426836824
0.100000,0.000000,float,2.328043905e-06,1.618957518e-05,8.561322951e-05,8.313796907e-08,2.597670779e-05,0.0001018881823,0.0001335430246,2.184285429e-05,2.351868036e-06,3.583046398e-05,  0.02252523857
0.100000,0.000000,peg,4.204359725e-06,1.948918278e-05, 0.003859690036,1.095512266e-06,9.381098919e-05, 0.003124137067,  0.00293232664,9.350474353e-05,3.724440359e-06,0.0002351542029,  0.02311081428
0.100000,0.000000,managed,1.286040704e-06,7.714147584e-06,0.0001003281106,1.357547341e-07,2.258973358e-05,0.0001376012242,0.0001525585364,1.650417667e-05,1.322722034e-06,5.153694254e-05,   0.0226384466
0.100000,1.000000,float,3.040990682e-06,1.492003672e-05,0.0001054198141,1.087530526e-06,3.829348311e-05,0.0001204023931,0.0001157344617,2.129304402e-05,3.037551814e-06,4.207956562e-05,   0.0232252464
0.100000,1.000000,peg,3.792000572e-06,1.242976968e-05, 0.006330000816,2.665989367e-06, 0.000311277567, 0.003885004271, 0.001084908916,5.341317058e-05, 3.44062262e-06, 0.000233963822,   0.0242186141
0.100000,1.000000,managed,1.387059194e-06,8.259040607e-06,0.0001252754048,9.190707736e-07,3.532197805e-05,0.0001428880402,0.0001114140394,1.630227615e-05,1.410695644e-06,5.353128841e-05,  0.02339146176
0.100000,2.000000,float,4.386369714e-06,1.434693945e-05,0.0001397970264, 5.53662191e-06,6.415637973e-05,0.0001688761069,  0.00011206066,2.361808637e-05,4.333273361e-06,5.329112704e-05,  0.02414599575
0.100000,2.000000,peg,3.236865901e-06,6.852057633e-06,   0.0126789372, 5.80466192e-05,0.0009973881023, 0.005657148111,0.0002070890733,2.370922216e-05,3.136249045e-06,0.0002337481428,   0.0251187465
0.100000,2.000000,managed,1.796236339e-06,8.954339218e-06,0.0001969988019,5.506394351e-06,7.488988242e-05,0.0001699979108,0.0001050687773, 1.90824422e-05,1.780498243e-06,5.955041486e-05,  0.02427360107
0.160000,0.000000,float, 1.12278598e-05,2.425870998e-05,7.232701375e-05,6.619350057e-08,2.377306882e-05,7.294331241e-05,0.0001434470698,2.798317718e-05,1.148600677e-05,5.370199218e-05,   0.0225202518
0.160000,0.000000,peg, 1.50980415e-05, 2.85851837e-05, 0.003184248323, 8.70196568e-07,9.198304899e-05,  0.00244008439,  0.00279321006,8.362429652e-05,1.346693822e-05,0.0002351394505,    0.023129256
0.160000,0.000000,managed,4.038203986e-06,8.854396015e-06,7.423102393e-05,1.064737622e-07,2.060316983e-05,9.053647359e-05,0.0001522823755,1.660644563e-05, 4.37995063e-06,5.413713821e-05,  0.02264418683
0.160000,1.000000,float,1.488380119e-05,2.602833239e-05,9.365393894e-05,1.016993513e-06,3.577081638e-05,8.661209381e-05,0.0001256155424,3.077247915e-05,1.503285722e-05,6.289132182e-05,  0.02322135769
0.160000,1.000000,peg,1.312788176e-05, 1.99131379e-05, 0.005302537715,2.618298911e-06,0.0002980859566, 0.003078803498, 0.001049879435,4.991200451e-05, 1.21495283e-05,0.0002339911537,  0.02419850063
0.160000,1.000000,managed,4.552792001e-06,9.983686666e-06,0.0001076202194,8.704824726e-07,3.444108049e-05,9.771119188e-05,0.0001121566688,1.696430157e-05,4.845174559e-06,5.720373437e-05,  0.02339776743
0.160000,2.000000,float,2.224199924e-05,3.155294609e-05,0.0001316899875,5.459668018e-06,6.146132728e-05,0.0001220311054,0.0001288379728,4.020587812e-05,2.214871427e-05,8.053308366e-05,  0.02414521517
0.160000,2.000000,peg,1.066047715e-05, 1.25339828e-05,  0.01069800292,  5.3857578e-05,0.0009200215322, 0.004535418471,0.0002119305638, 2.45876915e-05,1.081096965e-05,0.0002337614593,  0.02510284027
0.160000,2.000000,managed,6.336351798e-06,1.223642681e-05, 0.000224548976, 6.11459879e-06,8.093013706e-05,0.0001244569133,0.0001079949709,2.176758306e-05,6.439883087e-06,6.529769598e-05,   0.0242834749
0.250000,0.000000,float,3.727695957e-05,4.888320914e-05,6.447183575e-05, 4.52582467e-08,2.073444499e-05,4.987280596e-05,0.0001689126884,4.667966734e-05,3.943648199e-05,9.365638761e-05,  0.02250925326
0.250000,0.000000,peg,4.434538484e-05,4.953475559e-05, 0.002323860481, 5.99258652e-07,9.056911318e-05, 0.001642891195, 0.002529061984,7.025670086e-05,4.368682154e-05,0.0002351318007,  0.02314763589
0.250000,0.000000,managed,9.705380025e-06,1.184229204e-05,6.056445992e-05,7.656985674e-08,1.820686173e-05,5.945654012e-05,0.0001514616614,1.666247374e-05,1.208764755e-05,5.732525633e-05,  0.02265601437
0.250000,1.000000,float,5.085296677e-05,6.060831515e-05,9.481107758e-05,9.022319095e-07,3.158955179e-05,6.066112007e-05, 0.000156215121, 5.94070152e-05,5.288232258e-05, 0.000112232178,  0.02321299826
0.250000,1.000000,peg,3.674606308e-05,3.747323607e-05, 0.003997423938,2.532813886e-06,0.0002745841027, 0.002137110601,0.0009836700141,4.514598241e-05,3.850321551e-05,0.0002340441654,  0.02416392025
0.250000,1.000000,managed,1.127965393e-05,1.432306321e-05,0.0001109262488, 7.95861885e-07,3.238007402e-05,7.172680976e-05,0.0001138175153,1.812077093e-05,1.359219851e-05,6.236665269e-05,   0.0234094385
0.250000,2.000000,float,8.070794234e-05,8.834798701e-05,0.0001547916937,5.265325107e-06,5.626620834e-05,8.384470517e-05,0.0001829561206,9.203211446e-05,8.203104575e-05,0.0001517508786,   0.0241419849
0.250000,2.000000,peg, 2.80096896e-05,2.647675574e-05, 0.008290255939,4.793497338e-05,0.0008127629169, 0.003246463136,0.0002211987021,2.583809482e-05,3.328608211e-05,0.0002337775067,  0.02508379842
0.250000,2.000000,managed,1.674027263e-05,2.025513357e-05,0.0003037409855,6.667729452e-06,8.551832503e-05,0.0001080117962,0.0001142765827,2.676773619e-05,1.845990504e-05, 7.44607277e-05,  0.02430256061
0.400000,0.000000,float,8.181037397e-05,9.680808368e-05,7.160746624e-05,2.924080917e-08,1.620373922e-05,5.535104632e-05,0.0002074090379,7.835143801e-05,9.704082999e-05,0.0001546928887,  0.02248888825
0.400000,0.000000,peg,9.541314183e-05,0.0001018651788, 0.001315767746,3.057526993e-07,8.777144764e-05,0.0008070427982, 0.002041844675,5.466348815e-05,0.0001377983715,0.0002351428647,  0.02315628502
0.400000,0.000000,managed,1.734898606e-05,1.945392784e-05,6.604135725e-05,4.979490979e-08,1.467663645e-05,5.565747871e-05,0.0001504625985,1.621797519e-05,3.209778661e-05,6.192378449e-05,  0.02268045282
0.400000,1.000000,float, 0.000116188883,0.0001302014757,0.0001230232843,7.208402659e-07,2.395016813e-05,7.314032608e-05,0.0002136408761,0.0001119319744,0.0001324538664,0.0001929245161,  0.02319688729
0.400000,1.000000,peg,7.382864752e-05,8.209572143e-05, 0.002445053473,2.367744669e-06,0.0002359996856, 0.001128033914,0.0008606572018,3.946518138e-05,0.0001191217828,0.0002341383429,  0.02411021732
0.400000,1.000000,managed,2.059454346e-05,2.444668816e-05,0.0001423105154,6.712815493e-07,2.773847978e-05,7.884977096e-05,0.0001171477553,1.947367798e-05,3.548356741e-05,6.952445258e-05,  0.02343161472
0.400000,2.000000,float,0.0002000075625, 0.000211506103, 0.000242333299,4.678145861e-06,4.508947176e-05, 0.000106258974,0.0002967572384,0.0001977481241,0.0002156891951,0.0002833411944,   0.0241331045
0.400000,2.000000,peg,5.238149829e-05,6.292190176e-05, 0.005495808794,3.989820441e-05, 0.000669282515, 0.001861241479,0.0002390772466,2.742521741e-05,0.0001001767369,0.0002337952325,  0.02506511242
0.400000,2.000000,managed,3.279469693e-05,3.705465279e-05,0.0004406061955,6.865638841e-06, 8.48421854e-05,0.0001432551816, 0.000125471335,3.385202111e-05, 4.65267825e-05,8.722776508e-05,  0.02433674886
0.600000,0.000000,float, 0.000107096003,0.0001518493237,8.439853342e-05,2.284025644e-08,9.939461075e-06, 7.90793677e-05,0.0002313515301,9.652087035e-05,0.0001756275354,0.0001882943798,    0.022465419
0.600000,0.000000,peg,9.950652668e-05,0.0001996388676, 0.000572396852,1.128305328e-07,8.282873634e-05, 0.000281010442, 0.001448351762,4.345968267e-05,0.0003396110169,0.0002351764676,  0.02314907423
0.600000,0.000000,managed,1.909873393e-05, 3.78886262e-05,8.380257586e-05,3.305462769e-08,1.032532937e-05,7.297022118e-05, 0.000153285369,1.521860784e-05,7.821677485e-05,6.784019891e-05,  0.02270996235
0.600000,1.000000,float,0.0001581518541,0.0002016588334,0.0001537479257,5.100957686e-07,1.396669696e-05,0.0001080790404,0.0002603828898, 0.000148979481, 0.000226038479, 0.000241993152,  0.02317705582
0.600000,1.000000,peg,7.413495492e-05,0.0001669388704, 0.001246509616,2.149901277e-06,0.0001950147913,0.0004531815494,0.0007059145425,3.521781024e-05,0.0002912592257,0.0002342468375,  0.02405564723
0.600000,1.000000,managed,2.368298126e-05,4.467779208e-05, 0.000181514166,5.221835467e-07,2.170458989e-05,0.0001067013036,0.0001237973414,2.012277807e-05,8.110141115e-05,7.601607119e-05,  0.02345765671
0.600000,2.000000,float,0.0002935829105, 0.000332959718,0.0003324744054,3.762059389e-06,3.029242339e-05,0.0001684806974,0.0003995963749,0.0002861377671,0.0003589622678, 0.000380919257,  0.02412183372
0.600000,2.000000,peg,5.238468951e-05,0.0001333737312, 0.003325815036,3.255192393e-05,0.0005393097028,0.0008974675439,0.0002635023161,2.870889601e-05,0.0002409620512,0.0002338067758,  0.02505424181
0.600000,2.000000,managed,4.163127511e-05,6.288048035e-05,0.0005641589302,6.617600595e-06,7.936930973e-05,0.0002022394753,0.0001391893842,3.899339489e-05,9.592146503e-05,9.651450815e-05,  0.02437490928
